name,lcd,pld,void_fraction,surface_area_m2g,elements,uptake_0.01,uptake_0.05,uptake_0.1,uptake_0.5,uptake_2.5
hMOF-5009118,4.25,2.75,0.29518,304.2,"Zn,O,C,H",0.0236315,0.134466,0.261645,1.01004,2.69229
hMOF-10433,8.75,7.75,0.707055,2599.5,"Zn,O,C,H",0.0842736,0.328705,0.798157,2.73858,9.79452
hMOF-5016073,13.75,12.25,0.797393,5024.3,"Zn,O,C,H,N",0.0176716,0.127299,0.204334,1.08728,4.02404
hMOF-5011354,9.25,6.75,0.811598,5322.4,"Zn,O,C,H",0.0366569,0.163974,0.32402,1.64886,9.50773
hMOF-4665,5.75,4.25,0.523469,1813.9,"Zn,O,C,H",0.0875523,0.402546,0.974489,2.77147,6.83256
hMOF-5057146,7.25,4.75,0.558372,1879.2,"O,Zn,C,N,H",0.0540367,0.271922,0.479895,1.92968,5.1363
hMOF-5036902,3.75,2.75,0.213634,26.0,"O,Zn,C,N,H",0.113804,0.584138,0.904894,1.66656,2.20385
hMOF-5010147,3.75,2.25,0.124142,11.8,"Zn,O,C,H,Br",0.0479607,0.442341,0.536425,0.802616,1.04264
hMOF-25027,15.75,14.25,0.848589,4246.1,"O,Zn,C,N,H",0.0203019,0.0997005,0.1792,0.870571,4.43687
hMOF-5004492,5.75,3.25,0.316619,509.8,"Zn,O,C,H,Br",0.0653381,0.308084,0.487728,1.64835,2.8981
hMOF-5053008,6.75,5.25,0.761277,4793.4,"O,Zn,C,N,H",0.0222826,0.114866,0.245956,1.14013,6.9312
hMOF-5047765,9.75,8.75,0.69988,2822.9,"O,Zn,C,N,H",0.0353359,0.175454,0.338757,1.69802,5.91559
hMOF-12401,9.75,8.75,0.769363,3495.3,"Zn,O,C,H",0.0376509,0.218398,0.468904,2.0507,8.12335
hMOF-11839,6.75,4.75,0.567709,1958.8,"Zn,O,C,H,N",0.0498976,0.260771,0.502975,2.28653,6.44079
hMOF-20362,5.75,4.75,0.520184,1206.3,"O,Zn,C,N,H,Br",0.122857,0.599082,1.05266,3.33712,5.59938
hMOF-5057571,7.25,5.25,0.743323,2810.5,"O,Zn,C,N,H,F",0.226816,1.1158,2.10426,6.68764,11.3759
hMOF-5049163,5.75,3.75,0.484361,1403.9,"O,Zn,C,N,H",0.0721116,0.371917,0.743213,2.81009,6.52621
hMOF-5023473,8.75,7.25,0.838454,5884.4,"Zn,O,C,N,H",0.0202004,0.0695359,0.160993,0.745028,3.82486
hMOF-5019924,9.75,5.25,0.78008,3630.7,"Zn,O,C,H,Cl",0.0384897,0.214544,0.434677,1.8702,9.66547
hMOF-5019889,7.75,6.75,0.670608,2955.3,"Zn,O,C,H",0.0795731,0.475589,0.850149,3.02807,10.2519
hMOF-27001,6.25,4.25,0.744188,1604.6,"O,Zn,C,N,H,Br",0.169013,0.752402,1.26958,3.59767,5.70297
hMOF-5005364,14.25,13.25,0.8782,4777.1,"Zn,O,C,H",0.0173065,0.119348,0.189698,0.916011,4.47689
hMOF-5053992,8.25,6.75,0.80319,4559.0,"O,Zn,C,N,H,F",0.0295597,0.153447,0.297636,1.58582,10.3181
hMOF-5858,8.75,7.75,0.665344,2800.0,"Zn,O,C,H",0.0387348,0.311815,0.563591,1.74513,6.22907
hMOF-7026,10.25,9.75,0.765457,3498.4,"Zn,O,C,H",0.00681789,0.0473357,0.0933077,0.524004,3.07506
hMOF-5019135,13.25,11.75,0.821216,6094.4,"Zn,O,C,H",0.0227366,0.107455,0.1899,0.810608,3.90515
hMOF-20322,5.25,4.25,0.527337,1160.4,"O,Zn,C,N,H",0.0780905,0.390544,0.75974,2.90659,5.71584
hMOF-4341,7.25,6.25,0.635823,2148.4,"Zn,O,C,H",0.136363,0.572591,1.24665,4.16942,9.11349
hMOF-5014755,3.25,2.75,0.109014,0.0,"Zn,O,C,H,Cl",0.283674,0.592528,0.782459,1.1126,1.25362
hMOF-5003146,10.25,9.25,0.737382,3425.5,"Zn,O,C,H",0.076096,0.492558,0.581661,2.29492,6.7982
hMOF-5019397,10.75,9.75,0.757128,4155.5,"Zn,O,C,H,F",0.14013,0.537007,0.820338,2.56074,7.17557
hMOF-5023787,20.25,18.75,0.888219,5325.4,"Zn,O,C,N,H",0.0109317,0.0534767,0.0992716,0.599864,2.72741
hMOF-5050754,4.75,3.75,0.277549,207.9,"O,Zn,C,N,H,Br",0.210975,0.614168,0.925823,1.24493,1.50428
hMOF-13631,7.75,5.75,0.692465,2215.4,"Zn,O,C,H,Cl",0.0809409,0.426891,0.765775,3.2092,7.83606
hMOF-5046559,9.75,8.75,0.735831,4368.9,"O,Zn,C,N,H",0.0621844,0.300303,0.555677,2.25099,8.11552
hMOF-12192,8.25,7.25,0.749696,3261.7,"Zn,O,C,H",0.0296601,0.210932,0.437453,1.77892,7.00848
hMOF-5046041,10.25,9.25,0.659047,2967.8,"O,Zn,C,N,H,Cl",0.0214175,0.0920634,0.210233,1.09773,5.54863
hMOF-5032953,8.75,6.75,0.697787,2494.3,"Zn,O,C,N,H,F",0.162291,0.558718,1.08979,3.95043,11.8574
hMOF-22140,8.75,7.75,0.66394,2784.7,"O,Zn,C,N,H",0.0105119,0.0429618,0.0879803,0.491319,2.77881
hMOF-5381,5.25,4.25,0.382414,639.5,"Zn,O,C,N,H",0.143831,0.654786,1.27703,2.82398,4.23776
hMOF-5001097,4.75,3.25,0.515081,1346.9,"Zn,O,C,H,N",0.168654,0.651913,1.17574,4.07367,7.1538
hMOF-5003431,4.25,3.25,0.266672,206.2,"Zn,O,C",0.127705,0.420203,1.01843,2.04718,2.88689
hMOF-5043383,7.25,6.25,0.62761,3136.1,"O,Zn,C,N,H",0.0135826,0.0719877,0.135656,0.702559,4.04405
hMOF-5041252,8.25,6.75,0.563906,637.8,"O,Zn,C,N,H,Br",0.0367484,0.15881,0.364824,1.64502,3.12244
hMOF-5050831,10.75,9.75,0.686863,3612.8,"O,Zn,C,N,H",0.0251185,0.104763,0.231668,1.1032,5.37388
hMOF-5035263,3.75,2.75,0.316124,127.4,"O,Zn,C,N,H,Br",0.0263705,0.146421,0.283736,0.881424,2.15045
hMOF-5044750,8.75,7.75,0.663079,3472.4,"O,Zn,C,N,H",0.0252441,0.12389,0.255937,1.15281,4.83587
hMOF-5014342,15.75,14.75,0.833118,4735.5,"Zn,O,C,H",0.0174895,0.0723043,0.169776,0.720697,3.14566
hMOF-7271,14.25,12.75,0.848125,5208.8,"Zn,O,C,H",0.00995405,0.0816484,0.111637,0.598881,3.40025
hMOF-5054142,7.25,5.25,0.781754,2757.2,"O,Zn,C,N,H,Cl",0.0807813,0.359819,0.789055,3.428,8.43699
hMOF-25978,6.25,4.25,0.673538,2834.1,"O,Zn,C,N,H",0.0494241,0.256805,0.539075,2.58605,8.11976
hMOF-1105,12.75,11.25,0.829849,4118.5,"Zn,O,C,H",0.0222718,0.0888396,0.201188,1.09478,4.59479
hMOF-5011122,10.75,9.25,0.760936,2771.7,"Zn,O,C,H,Br",0.0221952,0.090143,0.214901,1.033,3.19371
hMOF-5024581,11.25,9.75,0.769048,3312.0,"Zn,O,C,N,H",0.0512294,0.296793,0.502834,2.05442,6.91138
hMOF-5022802,7.75,6.25,0.759751,4099.6,"Zn,O,C,N,H",0.0276307,0.152758,0.345969,1.39008,8.9984
hMOF-5026561,19.25,17.75,0.892109,3926.3,"Zn,O,C,N,H,Cl",0.0187261,0.107261,0.192971,0.82843,3.47268
hMOF-5040051,3.75,3.25,0.537547,372.7,"O,Zn,C,N,H,Br",0.553192,2.03586,3.26596,5.08772,5.9182
hMOF-5027691,9.25,7.75,0.694783,2656.7,"Zn,O,C,N,H",0.0408063,0.193404,0.364396,1.69064,4.95671
hMOF-5030003,8.25,6.25,0.7477,3762.7,"Zn,O,C,N,H",0.0471934,0.22442,0.474255,2.26917,10.21
hMOF-5050624,6.75,3.75,0.455372,1421.0,"O,Zn,C,N,H",0.0319907,0.155715,0.326642,1.35168,4.75466
hMOF-5035971,6.25,5.25,0.652002,2772.2,"O,Zn,C,N,H",0.161188,0.775544,1.601,5.23476,11.0456
hMOF-9777,4.25,2.75,0.26605,178.3,"Zn,O,C,H,F",0.696426,1.50608,1.60886,2.10257,2.47537
hMOF-10844,10.75,9.75,0.773639,3668.8,"Zn,O,C,N,H",0.031443,0.133548,0.264955,1.128,4.71882
hMOF-5002422,9.25,8.25,0.789402,4734.3,"Zn,O,C,H",0.0240357,0.106896,0.227074,1.20406,5.7959
hMOF-5005492,7.25,5.25,0.686894,2579.3,"Zn,O,C,H",0.0856449,0.429849,0.870339,3.61192,10.348
hMOF-26920,14.25,12.75,0.837628,4195.1,"O,Zn,C,N,H",0.0183377,0.0838294,0.165722,0.79786,3.45329
hMOF-5058423,10.75,9.25,0.821472,4391.0,"O,Zn,C,N,H",0.0211806,0.0961814,0.198527,0.954575,5.5518
hMOF-5037009,3.25,1.25,0.11866,0.0,"O,Zn,C,N,H",0.00350794,0.0117217,0.0592072,0.172916,0.481615
hMOF-17094,17.75,16.75,0.869436,2792.1,"O,Zn,C,N,H,Br",0.00855869,0.0472868,0.0923804,0.46463,1.92694
hMOF-5017316,13.25,11.75,0.750057,4403.3,"Zn,O,C,N,H",0.0364574,0.192741,0.334733,1.31915,5.08167
hMOF-5024989,7.75,4.75,0.734492,3156.8,"Zn,O,C,N,H,F",0.167381,0.746384,1.40175,5.33421,14.149
hMOF-5021934,7.75,6.25,0.73892,3497.8,"Zn,O,C,H,Cl",0.0225185,0.121283,0.26033,1.24333,8.08186
hMOF-15840,8.25,5.75,0.61601,2082.8,"Zn,O,C,H",0.09418,0.515738,0.942229,3.67924,8.86665
hMOF-5030442,10.75,7.75,0.848962,5042.4,"Zn,O,C,N,H",0.0274193,0.129983,0.300982,1.29983,6.96323
hMOF-5000917,5.75,4.25,0.565732,1858.0,"Zn,O,C,H",0.0805076,0.355904,0.6313,3.16295,7.50911
hMOF-5012298,5.75,4.25,0.51597,1884.6,"Zn,O,C,H",0.0491687,0.270736,0.514391,2.33432,5.73838
hMOF-20627,6.25,4.75,0.58971,1512.0,"O,Zn,C,N,H",0.283414,1.43165,2.60256,5.79619,7.85108
hMOF-25980,6.25,5.25,0.649978,2411.2,"O,Zn,C,N,H",0.0648847,0.32243,0.697992,3.06738,8.58884
hMOF-5018601,6.75,5.75,0.64251,2549.3,"Zn,O,C,H",0.0319668,0.156609,0.336297,1.45471,6.87932
hMOF-5011343,6.75,3.25,0.517756,918.5,"Zn,O,C,H,Br",0.0581974,0.324923,0.499813,2.13504,4.38982
hMOF-5006817,8.75,6.25,0.754736,4178.2,"Zn,O,C,H,Cl",0.0382955,0.138658,0.296513,1.25837,6.98249
hMOF-9671,6.75,4.75,0.569503,2182.2,"Zn,O,C,H",0.0500431,0.222911,0.525408,1.36128,4.87558
hMOF-5043943,4.75,3.75,0.357747,699.4,"O,Zn,C,N,H",0.0411578,0.199033,0.396822,1.49875,3.3841
hMOF-6342,13.75,12.25,0.816117,4446.1,"Zn,O,C,N,H",0.0155494,0.0890103,0.144131,0.851828,2.68915
hMOF-17204,7.25,6.25,0.543441,1391.2,"O,Zn,C,N,H",0.0381056,0.207308,0.383503,1.87015,5.37429
hMOF-5018659,3.75,2.25,0.205332,34.7,"Zn,O,C,H,N",0.0133527,0.0863079,0.134199,0.660736,1.73444
hMOF-5026468,8.75,6.75,0.818535,5228.7,"Zn,O,C,N,H",0.0182943,0.0904882,0.135711,0.791013,3.28147
hMOF-16460,8.25,6.75,0.734743,2854.1,"Zn,O,C,H,F",0.138735,0.522572,1.00754,3.38587,10.0444
hMOF-5027028,9.75,8.75,0.839125,4333.7,"Zn,O,C,N,H,F",0.0199598,0.095351,0.17941,0.86717,4.99669
hMOF-5011848,8.75,5.75,0.775333,5363.1,"Zn,O,C,H",0.0190564,0.112531,0.196039,0.964442,5.0057
hMOF-5010260,5.25,3.75,0.459609,824.1,"Zn,O,C,H",0.152636,0.693824,1.22593,4.04675,6.81712
hMOF-4512,14.75,13.75,0.822452,4079.2,"Zn,O,C,H",0.0123488,0.135744,0.157564,0.831178,2.95982
hMOF-5050275,14.25,12.75,0.877663,5520.6,"O,Zn,C,N,H",0.00671028,0.0391736,0.079798,0.348572,1.86056
hMOF-20459,11.25,10.25,0.736514,2599.9,"O,Zn,C,N,H",0.149453,0.721314,1.28678,4.00712,10.1399
hMOF-5055517,13.75,12.25,0.872918,5400.1,"O,Zn,C,N,H",0.0118326,0.0498011,0.103503,0.482148,2.41685
hMOF-5032176,11.75,9.75,0.892394,5151.3,"Zn,O,C,N,H",0.0215811,0.119613,0.289117,1.16896,5.62209
hMOF-5009743,7.75,4.75,0.655204,3084.4,"Zn,O,C,H,F",0.208473,0.944611,1.57998,5.16615,12.0655
hMOF-3937,19.75,18.25,0.886509,5162.6,"Zn,O,C,N,H",0.0110663,0.0599591,0.113882,0.668504,2.99765
hMOF-15498,12.75,10.75,0.873581,4900.8,"Zn,O,C,H",0.0286613,0.179352,0.372111,1.20164,5.97321
hMOF-22954,7.25,4.75,0.577612,1705.2,"O,Zn,C,N,H,Cl",0.106639,0.463253,0.878283,3.39971,7.20253
hMOF-5014066,9.25,7.75,0.711905,3030.9,"Zn,O,C,H",0.030239,0.150685,0.38869,1.66875,6.37448
hMOF-18508,7.75,6.75,0.701481,3869.3,"O,Zn,C,N,H",0.0171732,0.0851463,0.19595,0.902777,5.20534
hMOF-5006113,7.75,4.25,0.693114,3076.3,"Zn,O,C,H,N",0.0425651,0.183472,0.419389,1.79382,9.54761
hMOF-5015726,14.75,13.75,0.828862,4542.5,"Zn,O,C,H,N",0.0102776,0.0981304,0.122769,0.787859,3.00403
hMOF-17309,6.75,5.25,0.451736,1019.6,"O,Zn,C,N,H",0.157789,0.681138,1.07561,2.72312,5.09372
hMOF-21165,5.75,4.75,0.587132,1811.7,"O,Zn,C,N,H",0.0955234,0.448722,0.812602,3.27,7.09301
hMOF-5031140,11.25,10.25,0.844136,4218.1,"Zn,O,C,N,H",0.0689293,0.311959,0.568391,2.39831,9.53199
hMOF-5055524,13.25,11.75,0.873309,5642.9,"O,Zn,C,N,H",0.00832186,0.0387487,0.0756769,0.35823,2.00869
hMOF-5027521,17.75,15.75,0.898839,3625.1,"Zn,O,C,N,H,Br",0.00743318,0.0437986,0.0830229,0.418374,1.90564
hMOF-3000556,8.75,6.25,0.697878,4086.7,"O,Zn,N,C,H",0.0217291,0.0992163,0.229391,0.958969,4.32476
hMOF-22346,12.75,11.75,0.687879,2109.6,"O,Zn,C,N,H",0.0145525,0.0774528,0.147208,0.799063,3.42813
hMOF-5024058,11.75,10.75,0.828146,4161.5,"Zn,O,C,N,H,F",0.0394665,0.186225,0.362052,2.30146,6.55286
hMOF-5019359,16.25,14.75,0.806092,5598.0,"Zn,O,C,H,N",0.0122842,0.0705896,0.17545,0.630677,2.67324
hMOF-5039641,4.25,3.25,0.398477,415.3,"O,Zn,C,N,H",0.120897,0.544313,0.880962,2.32729,3.73506
hMOF-5052681,4.25,3.25,0.30399,333.2,"O,Zn,C,N,H,F",0.0956341,0.505595,0.980073,2.26744,4.12322
hMOF-9291,6.25,4.75,0.533384,1392.4,"Zn,O,C,H",0.128728,0.551532,0.973211,3.74141,7.06294
hMOF-5599,3.25,2.75,0.185823,6.7,"Zn,O,C,H,Br",0.0520926,0.306864,0.3862,0.95176,1.6579
hMOF-5033283,15.25,9.75,0.876517,3649.8,"Zn,O,C,N,H,Br",0.0080852,0.0447538,0.0883077,0.418148,2.16282
hMOF-4378,5.75,4.75,0.649085,2281.0,"Zn,O,C,H",0.0817567,0.479455,0.949486,3.57859,8.33932
hMOF-19830,11.25,10.25,0.801105,3305.0,"O,Zn,C,N,H,Cl",0.0176057,0.0987179,0.203095,0.912732,5.08391
hMOF-5019466,8.25,7.25,0.618031,2723.2,"Zn,O,C,H",0.0745931,0.691463,0.658422,1.80155,4.9635
hMOF-5040916,4.25,2.25,0.171299,92.4,"O,Zn,C,N,H",0.00553443,0.0245975,0.0575245,0.241055,0.853532
hMOF-24392,6.25,5.25,0.505759,805.7,"O,Zn,C,N,H,Cl",0.638624,1.83819,2.48069,3.69451,4.46574
hMOF-5055094,6.25,4.75,0.517124,1142.8,"O,Zn,C,N,H,F",0.421778,1.39042,2.0889,4.37481,6.27407
hMOF-5005271,12.75,11.25,0.824899,4685.3,"Zn,O,C,H",0.0187608,0.0642886,0.122722,0.584931,2.56222
hMOF-5057642,7.25,4.75,0.558644,862.8,"O,Zn,C,N,H,Br",0.170411,0.628149,1.00449,2.63134,4.15226
hMOF-5049448,5.75,4.25,0.711268,2846.0,"O,Zn,C,N,H",0.140986,0.713356,1.42056,6.40986,11.9633
hMOF-5012305,10.25,8.75,0.748982,4421.7,"Zn,O,C,H,N",0.0174055,0.0642665,0.151294,0.868815,3.62047
hMOF-15273,6.75,4.75,0.487863,841.3,"Zn,O,C,H,N",0.205828,0.935641,1.64332,3.78464,5.80001
hMOF-5029389,13.25,11.75,0.760848,3805.2,"Zn,O,C,N,H",0.0672246,0.311253,0.517097,1.66223,4.71421
hMOF-5051337,5.25,3.25,0.505737,1077.4,"O,Zn,C,N,H",0.293075,1.2586,1.92918,4.1044,6.04211
hMOF-16434,8.75,7.25,0.701016,3103.5,"Zn,O,C,H,N",0.0159156,0.082996,0.177208,0.917015,5.09608
hMOF-5010083,3.75,2.75,0.216603,38.2,"Zn,O,C,H,N",0.228985,0.919947,1.38853,3.21423,4.11899
hMOF-1753,11.75,10.75,0.793604,4096.4,"Zn,O,C,H",0.0243675,0.218259,0.367739,1.91206,5.2242
hMOF-5057459,4.25,3.25,0.41983,362.7,"O,Zn,C,N,H",0.917399,1.98108,2.51388,4.20551,5.15123
hMOF-1928,10.25,8.25,0.814158,4379.0,"Zn,O,C,H,N",0.018443,0.05939,0.100337,0.694914,3.381
hMOF-5019133,12.75,10.25,0.831051,5893.6,"Zn,O,C,H",0.0168096,0.103733,0.178712,0.950626,4.22529
hMOF-9199,5.25,3.25,0.453714,891.1,"Zn,O,C,H",0.118174,0.507234,0.899712,2.683,5.26293
hMOF-5027968,11.75,8.75,0.840973,4634.1,"Zn,O,C,N,H",0.0173251,0.0670317,0.132929,0.578535,3.22649
hMOF-5045366,5.75,2.75,0.354961,490.5,"O,Zn,C,N,H",0.0636764,0.259895,0.52526,1.57129,3.1207
hMOF-5027505,4.75,3.25,0.487502,849.8,"Zn,O,C,N,H,Cl",0.425799,1.39894,2.05329,3.74037,4.78242
hMOF-860,17.75,15.75,0.861525,4959.3,"Zn,O,C,H",0.032516,0.148588,0.228696,1.0952,4.42041
hMOF-5043938,9.25,7.75,0.739607,4419.6,"O,Zn,C,N,H",0.00991676,0.0377863,0.0822407,0.418384,2.14356
hMOF-12463,3.75,2.75,0.303194,24.3,"Zn,O,C,H,Cl",0.509784,1.61221,2.16496,2.76868,3.02018
hMOF-5028888,9.75,8.25,0.831747,5121.8,"Zn,O,C,N,H",0.0189982,0.0825714,0.17796,0.836376,4.50156
hMOF-5003489,7.25,5.25,0.616606,2469.9,"Zn,O,C,H,Br",0.0270157,0.105228,0.216037,1.18772,5.89452
hMOF-21451,11.25,9.75,0.760285,3112.7,"O,Zn,C,N,H",0.0334353,0.144597,0.329577,1.64065,9.00902
hMOF-3638,9.25,6.25,0.784309,4359.9,"Zn,O,C,N,H",0.0188326,0.123598,0.223202,1.06216,6.19915
hMOF-5033733,11.75,10.75,0.817391,4354.5,"O,Zn,C,N,H,F",0.0105418,0.0533889,0.114939,0.491722,3.24261
hMOF-5018018,11.25,10.25,0.793032,3916.1,"Zn,O,C,H,F",0.112707,0.200253,0.764018,2.02241,6.5177
hMOF-5025030,12.75,10.75,0.830853,4107.3,"Zn,O,C,N,H",0.199675,0.506486,1.09856,3.25229,10.1792
hMOF-5017431,7.25,6.25,0.615437,2368.1,"Zn,O,C,H,N",0.0376994,0.158529,0.305979,1.18223,3.71925
hMOF-5015411,5.25,4.25,0.407543,875.0,"Zn,O,C",0.038221,0.215411,0.449781,1.83376,4.47921
hMOF-5052321,10.25,9.25,0.762644,3434.8,"O,Zn,C,N,H",0.0165837,0.0719405,0.136991,0.757243,3.21852
hMOF-5016847,4.25,2.25,0.32467,575.8,"Zn,O,C,H,Cl",0.0596632,0.298556,0.520855,1.91219,4.17807
hMOF-5015876,10.25,9.25,0.717563,3508.2,"Zn,O,C,H",0.028781,0.191627,0.334549,1.99376,6.62591
hMOF-15178,8.25,6.75,0.756959,2518.1,"Zn,O,C,H",0.201137,1.00077,1.78248,5.34699,11.3123
hMOF-10785,7.75,4.75,0.618939,2148.6,"Zn,O,C,H",0.088539,0.49825,1.03399,3.84738,9.01306
hMOF-10634,5.25,3.25,0.461911,835.7,"Zn,O,C,H,N",0.279673,1.43701,2.22164,4.04826,5.71055
hMOF-5010500,8.75,7.75,0.66128,2823.8,"Zn,O,C,H,N",0.0361233,0.149713,0.345364,1.42238,6.03218
hMOF-5046772,5.75,3.75,0.307724,545.0,"O,Zn,C,N,H",0.033848,0.145381,0.337596,1.21227,2.6879
hMOF-17341,7.25,6.25,0.581661,2053.0,"O,Zn,C,N,H,F",0.0382408,0.194558,0.417518,2.2457,6.92986
hMOF-3947,7.25,5.75,0.583928,2048.9,"Zn,O,C,N,H",0.197962,0.624214,1.02463,2.66463,7.25264
hMOF-5049743,3.75,2.25,0.262857,83.5,"O,Zn,C,N,H",0.0295652,0.128563,0.350362,1.14108,2.6214
hMOF-5003922,16.75,15.75,0.891838,5263.4,"Zn,O,C,N,H",0.0149198,0.0935573,0.192051,0.90607,3.54957
hMOF-24619,8.75,7.75,0.751504,4056.1,"O,Zn,C,N,H",0.0255634,0.122594,0.276662,1.30895,5.86129
hMOF-14678,8.75,6.75,0.684943,2439.3,"Zn,O,C,H,N",0.0708206,0.379131,0.634756,2.36592,7.8717
hMOF-5025213,8.25,6.25,0.726767,3615.6,"Zn,O,C,N,H",0.036287,0.186329,0.36371,1.42088,6.89739
hMOF-5019947,7.25,6.25,0.557922,1002.7,"Zn,O,C,H,Br",0.055258,0.244175,0.444011,1.94194,4.38655
hMOF-24668,17.75,16.25,0.85811,5003.5,"O,Zn,C,N,H",0.00787859,0.0416088,0.0832176,0.412887,2.0392
hMOF-5020161,9.25,8.25,0.804804,4227.3,"Zn,O,C,H",0.0163792,0.0839999,0.193395,0.702504,3.62011
hMOF-6323,10.75,9.75,0.721736,3356.9,"Zn,O,C,N,H",0.0612669,0.237768,0.522095,1.49219,4.92955
hMOF-5021694,3.75,2.75,0.204131,18.1,"Zn,O,C,H",0.0442883,0.151795,0.341094,0.814023,1.44596
hMOF-5046894,11.75,10.75,0.752425,4216.2,"O,Zn,C,N,H",0.0217957,0.108792,0.191131,0.950067,4.18505
hMOF-20682,4.75,3.75,0.584315,702.7,"O,Zn,C,N,H,Br",0.560998,1.78283,2.35884,3.34928,3.92939
hMOF-5014599,4.75,2.75,0.292619,315.0,"Zn,O,C,H",0.247644,1.13777,1.4441,2.58795,3.33999
hMOF-23199,10.25,9.25,0.743458,3866.9,"O,Zn,C,N,H",0.0253791,0.146601,0.312461,1.29732,5.25675
hMOF-8573,6.75,6.25,0.621202,1980.7,"Zn,O,C,H",0.0748749,0.295095,0.54042,3.01415,8.36506
hMOF-5010364,8.25,7.75,0.651754,2228.5,"Zn,O,C,H",0.111005,0.58972,1.12342,3.96102,9.39115
hMOF-17605,4.75,2.75,0.290601,246.3,"O,Zn,C,N,H",0.113094,0.483158,0.739964,1.54281,2.37628
hMOF-5010760,4.25,3.25,0.336794,458.1,"Zn,O,C,H,N",0.0275622,0.159696,0.267141,1.19598,3.40089
hMOF-5051116,6.75,2.75,0.554747,1470.8,"O,Zn,C,N,H,F",0.170387,0.713301,1.41367,4.97769,8.19889
hMOF-5002182,9.25,8.25,0.771538,3640.6,"Zn,O,C,H",0.0302048,0.126944,0.317916,1.36367,5.72236
hMOF-5039698,5.25,3.75,0.390811,939.3,"O,Zn,C,N,H,Cl",0.0373232,0.1782,0.316881,1.42441,3.31508
hMOF-23529,8.25,7.25,0.652799,2491.6,"O,Zn,C,N,H",0.0249943,0.116587,0.238079,1.17204,5.47486
hMOF-5013915,9.75,8.75,0.694023,2758.6,"Zn,O,C,H,Cl",0.0495818,0.261224,0.54223,2.14102,6.69126
hMOF-11110,8.75,4.25,0.705591,2398.2,"Zn,O,C,H",0.119908,0.664009,1.13872,4.17171,10.7686
hMOF-5044180,11.75,10.75,0.810741,5675.7,"O,Zn,C,N,H",0.00588706,0.0329675,0.0644212,0.311846,1.69228
hMOF-23948,11.25,10.75,0.805878,4647.3,"O,Zn,C,N,H,F",0.0132382,0.0743859,0.153972,0.799491,4.3251
hMOF-18125,14.75,13.75,0.866643,6001.9,"O,Zn,C,N,H,F",0.00711373,0.0438141,0.0903767,0.428602,2.42206
hMOF-5016235,11.75,10.75,0.831372,4311.3,"Zn,O,C,H",0.0210106,0.0887562,0.199466,1.08797,5.15284
hMOF-5037768,4.75,3.75,0.588546,2207.5,"O,Zn,C,N,H",0.104644,0.510743,0.977658,3.88589,7.88742
hMOF-5046736,6.75,4.25,0.593131,2709.8,"O,Zn,C,N,H",0.0209486,0.0941231,0.183446,0.925447,4.61363
hMOF-5006649,5.75,2.75,0.528907,1370.5,"Zn,O,C,H",0.161944,0.722651,1.15637,3.54665,6.53365
hMOF-3397,5.75,3.75,0.457694,767.0,"Zn,O,C,N,H,Cl",0.267304,1.07086,1.64269,3.30523,4.36973
hMOF-9778,10.75,10.25,0.787308,3558.7,"Zn,O,C,H,F",0.109013,0.92919,0.956061,2.9002,5.94228
hMOF-5033102,8.25,5.75,0.714934,1752.7,"Zn,O,C,N,H,Br",0.0788868,0.340119,0.631247,2.34681,6.56305
hMOF-5046492,4.75,2.25,0.133671,86.8,"O,Zn,C,N,H",0.0970379,0.346354,0.467332,0.816041,1.18369
hMOF-5016320,5.75,4.75,0.448419,1032.4,"Zn,O,C,H,F",0.135378,0.808622,1.3479,4.13493,7.0624
hMOF-5032616,4.25,2.75,0.508225,628.9,"Zn,O,C,N,H,F",0.625738,2.36602,3.53591,6.36347,8.08588
hMOF-2000037,8.25,5.25,0.502688,1353.1,"O,Zn,C,H",0.0730506,0.239168,0.540712,2.28173,5.83052
hMOF-21879,14.25,13.25,0.795622,4514.4,"O,Zn,C,N,H",0.010791,0.0468556,0.10649,0.495533,2.70314
hMOF-5041664,4.75,3.25,0.341231,276.4,"O,Zn,C,N,H",0.1255,0.618133,1.01504,2.32375,3.57361
hMOF-6562,10.25,9.25,0.759798,3590.8,"Zn,O,C,H",0.0295323,0.171675,0.303675,1.64725,6.69249
hMOF-5030434,9.75,8.25,0.746033,3121.5,"Zn,O,C,N,H",0.0299919,0.142747,0.26575,1.38527,6.14331
hMOF-11272,10.75,9.25,0.779378,3636.6,"Zn,O,C,H,N",0.025358,0.152869,0.234712,1.08246,5.18626
hMOF-5015731,5.25,3.25,0.445177,881.2,"Zn,O,C,H,N",0.438356,1.52866,2.39019,4.4908,6.51038
hMOF-5034485,4.25,3.25,0.278335,303.6,"O,Zn,C,N,H",0.134792,0.508001,0.747167,1.48334,2.06117
hMOF-5057659,12.25,10.75,0.847998,4126.7,"O,Zn,C,N,H",0.0172295,0.0800573,0.150097,0.761626,4.01128
hMOF-5026968,9.25,5.25,0.766189,3402.6,"Zn,O,C,N,H",0.114899,0.565707,1.11967,3.83082,12.2544
hMOF-5014671,10.75,9.75,0.752434,2462.0,"Zn,O,C,H,Br",0.0178243,0.120608,0.140567,0.789287,3.70063
hMOF-14760,6.25,5.25,0.666048,2899.9,"Zn,O,C,H",0.0521628,0.255212,0.532833,2.61076,8.61035
hMOF-5021474,11.25,9.75,0.808777,3681.5,"Zn,O,C,H",0.0936356,0.380466,0.699483,2.83576,8.58764
hMOF-5058616,21.25,19.25,0.894309,4849.0,"O,Zn,C,N,H",0.0330223,0.148303,0.310588,1.37737,6.06682
hMOF-18045,5.25,3.25,0.288645,360.0,"O,Zn,C,N,H",0.0699877,0.339224,0.62531,1.531,2.86008
hMOF-5032379,11.25,8.25,0.817398,4030.2,"Zn,O,C,N,H",0.0218864,0.116611,0.259242,1.1119,6.59685
hMOF-17626,7.75,7.25,0.764555,3324.5,"O,Zn,C,N,H,Cl",0.0205777,0.0959743,0.216313,1.02493,6.22286
hMOF-4000013,9.25,5.25,0.715562,2440.0,"O,Zn,C,Cl,H",0.104391,0.487144,0.620601,2.46188,6.76958
hMOF-218,7.75,5.25,0.689639,3532.2,"Zn,O,C,H",0.0398454,0.194012,0.378114,1.746,7.42481
hMOF-5031471,10.75,9.25,0.845534,4635.1,"Zn,O,C,N,H",0.0155115,0.0825527,0.193236,0.778992,3.93913
hMOF-5053898,7.25,5.25,0.655111,2972.0,"O,Zn,C,N,H",0.0524119,0.259007,0.564112,2.37885,8.71511
hMOF-5042845,7.25,5.75,0.581077,2317.3,"O,Zn,C,N,H",0.0203234,0.100398,0.202015,0.996254,4.46546
hMOF-12248,8.75,7.75,0.677664,3119.1,"Zn,O,C,H,F",0.0290944,0.127304,0.255116,1.52002,7.09204
hMOF-25561,4.75,3.75,0.282715,115.4,"O,Zn,C,N,H,Br",0.637813,0.874246,0.975441,1.23023,1.3554
hMOF-5013970,9.75,8.75,0.770456,3449.5,"Zn,O,C,H",0.0139139,0.103903,0.167148,1.10372,4.72658
hMOF-5004327,4.75,3.75,0.3276,414.5,"Zn,O,C,H",0.158854,0.616169,1.18096,2.26771,3.66192
hMOF-19771,4.75,2.75,0.337857,148.1,"O,Zn,C,N,H",1.12288,1.36612,1.5382,2.10097,2.64751
hMOF-10084,12.75,11.25,0.802073,3556.2,"Zn,O,C,H,Cl",0.0190824,0.139568,0.166527,0.825979,4.19779
hMOF-5009175,6.75,4.75,0.619186,2663.7,"Zn,O,C,H",0.0437943,0.24181,0.538645,2.48185,8.52973
hMOF-5020437,8.25,6.25,0.757901,4040.2,"Zn,O,C,H",0.0488814,0.260624,0.558301,2.33855,11.2371
hMOF-5057548,10.75,8.75,0.816482,3425.0,"O,Zn,C,N,H",0.0244162,0.115082,0.223643,1.06239,5.20853
hMOF-21690,6.25,5.75,0.539828,1328.4,"O,Zn,C,N,H",0.0539213,0.289906,0.531812,2.0469,5.19654
hMOF-5041912,7.75,6.25,0.534995,1475.1,"O,Zn,C,N,H",0.0418607,0.209617,0.454353,2.55695,6.8559
hMOF-5001818,6.75,4.25,0.579968,2145.6,"Zn,O,C,H,N",0.0655392,0.343871,0.545685,2.64923,7.05209
hMOF-5016969,5.25,3.25,0.390665,980.6,"Zn,O,C,H,N",0.0283352,0.166345,0.327311,1.39768,4.10278
hMOF-5040387,9.25,8.25,0.737088,3001.8,"O,Zn,C,N,H",0.0465392,0.237562,0.526739,2.38958,10.0516
hMOF-5046110,4.75,3.25,0.226295,222.0,"O,Zn,C,N,H",0.182836,0.571232,0.917596,1.54482,2.20265
hMOF-5023208,9.25,7.75,0.804715,4408.2,"Zn,O,C,N,H",0.00975613,0.0701047,0.120837,0.698121,3.73465
hMOF-13135,16.25,15.25,0.82395,4190.4,"Zn,O,C,H",0.0140358,0.10407,0.188798,0.832732,3.75286
hMOF-5039455,4.25,2.75,0.281646,89.1,"O,Zn,C,N,H,Cl",0.448744,1.25357,1.53908,2.09645,2.50031
hMOF-5034922,8.75,7.75,0.685761,3553.3,"O,Zn,C,N,H",0.0117998,0.0549054,0.108848,0.557241,3.27145
hMOF-18899,5.75,3.75,0.645242,2638.9,"O,Zn,C,N,H",0.105891,0.553789,1.05319,5.17214,11.33
hMOF-4334,9.75,9.25,0.68676,2622.0,"Zn,O,C,H,F",0.246063,0.940559,1.30606,3.59353,9.92198
hMOF-13398,5.25,2.75,0.464175,933.8,"Zn,O,C,H,N",0.146539,0.793873,1.44922,3.66166,5.55022
hMOF-5055902,8.25,6.75,0.671266,2063.5,"O,Zn,C,N,H,Cl",0.0206727,0.116688,0.21966,1.16767,5.8495
hMOF-5047483,4.75,3.25,0.341985,359.5,"O,Zn,C,N,H,Cl",0.149839,0.760853,1.39944,2.47804,3.6727
hMOF-5036855,7.75,6.75,0.664852,2966.5,"O,Zn,C,N,H,Cl",0.0130498,0.0788312,0.152869,0.654352,3.32289
hMOF-6890,16.75,15.25,0.862158,5089.5,"Zn,O,C,H",0.0090726,0.0594306,0.140778,0.79849,2.75226
hMOF-5054114,8.25,7.75,0.702276,2364.2,"O,Zn,C,N,H",0.0308058,0.17435,0.309139,1.43263,7.62946
hMOF-7227,7.75,4.75,0.651292,2399.4,"Zn,O,C,H,N",0.0497098,0.271037,0.558569,2.47573,7.77633
hMOF-5022997,7.25,5.25,0.600868,2205.8,"Zn,O,C,N,H",0.0559911,0.247765,0.447613,2.05636,6.55319
hMOF-5044621,8.75,7.75,0.689076,2553.8,"O,Zn,C,N",0.00587712,0.0444049,0.0858712,0.424458,2.4772
hMOF-3391,8.25,6.25,0.766076,3801.9,"Zn,O,C,N,H,Cl",0.0375803,0.31476,0.431798,1.70499,7.52114
hMOF-23074,6.75,5.75,0.701738,1457.6,"O,Zn,C,N,H,Br",0.0407536,0.19237,0.418779,2.07172,5.23739
hMOF-5046921,4.25,2.25,0.128144,59.5,"O,Zn,C,N,H,F",0.0801405,0.215234,0.425889,0.815505,1.29776
hMOF-22530,6.75,4.25,0.585236,2676.1,"O,Zn,C,N,H",0.0174782,0.0945279,0.183157,0.88964,4.09048
hMOF-26338,11.75,10.75,0.819492,3334.0,"O,Zn,C,N,H,F",0.0286192,0.176448,0.346022,1.62003,7.47931
hMOF-5053943,6.75,4.25,0.688216,1261.7,"O,Zn,C,N,H,Br",0.103077,0.45473,0.869489,3.18777,5.63515
hMOF-5054628,4.75,3.75,0.515253,726.0,"O,Zn,C,N,H",1.22542,2.90056,3.32743,4.91454,6.14972
hMOF-5051226,14.75,13.75,0.805517,4269.0,"O,Zn,C,N,H,F",0.022131,0.0872011,0.201224,1.02248,3.8235
hMOF-5030005,10.25,7.25,0.784777,4341.1,"Zn,O,C,N,H",0.0145507,0.108603,0.196003,0.779469,3.74765
hMOF-5053930,13.25,12.25,0.873008,3576.9,"O,Zn,C,N,H,Cl",0.0135428,0.0739073,0.157724,0.766406,3.98753
hMOF-5006636,15.75,14.25,0.887939,5962.3,"Zn,O,C,H",0.0110433,0.0559961,0.150189,0.580229,2.77889
hMOF-5030088,14.75,8.75,0.879892,5160.8,"Zn,O,C,N,H",0.0194743,0.111347,0.211696,0.997657,4.8962
hMOF-5049865,7.25,5.75,0.678155,2408.9,"O,Zn,C,N,H",0.0842187,0.407523,0.806093,3.41408,9.35751
hMOF-5025349,9.75,6.25,0.782291,4867.1,"Zn,O,C,N,H",0.0128751,0.0622381,0.159285,0.733219,4.0155
hMOF-5009420,17.25,15.75,0.832174,4694.6,"Zn,O,C,H,N",0.0113598,0.0692853,0.151339,0.841938,2.99128
hMOF-7920,4.25,2.75,0.295621,363.1,"Zn,O,C,H",0.0452085,0.232429,0.500174,1.78718,3.39377
hMOF-23639,3.75,2.75,0.339178,20.4,"O,Zn,C,N,H",0.0956718,0.307073,0.729239,2.04675,3.51693
hMOF-5050954,15.25,13.75,0.823623,3589.8,"O,Zn,C,N,H",0.0429614,0.187086,0.366773,1.6375,6.76128
hMOF-5044112,5.75,3.75,0.539328,2353.1,"O,Zn,C,N,H,F",0.0587046,0.287183,0.573379,2.34514,6.81468
hMOF-4394,5.75,2.25,0.281289,269.2,"Zn,O,C,H",0.299522,0.94651,1.33444,2.55195,2.89576
hMOF-5039957,5.25,4.25,0.309426,556.3,"O,Zn,C,N,H",0.0345184,0.146721,0.321529,1.31484,2.61804
hMOF-5030564,9.25,7.75,0.776581,3482.0,"Zn,O,C,N,H",0.0710647,0.306593,0.534796,2.64486,10.5484
hMOF-5057034,8.75,6.75,0.780646,3914.0,"O,Zn,C,N,H,F",0.0559037,0.247178,0.487957,2.40403,11.4794
hMOF-17361,6.75,6.25,0.608934,1504.4,"O,Zn,C,N,H,Br",0.0224551,0.121603,0.263243,1.19271,4.59207
hMOF-5003739,18.25,16.75,0.894536,5442.3,"Zn,O,C,H",0.0123155,0.0593176,0.157841,0.71554,2.84058
hMOF-14814,5.75,4.75,0.529287,1252.6,"Zn,O,C,H,N",0.203023,0.856216,1.5019,4.07495,6.1211
hMOF-5022686,6.25,4.75,0.462876,1030.3,"Zn,O,C,N,H",0.0444417,0.234802,0.407833,1.54396,3.93179
hMOF-5044720,13.75,12.75,0.849594,4180.3,"O,Zn,C,N,H,Br",0.00475554,0.0288575,0.0543645,0.26296,1.51821
hMOF-2260,11.75,10.75,0.791712,4108.7,"Zn,O,C,H",0.0365428,0.117723,0.208663,1.01463,4.4712
hMOF-5022128,7.25,3.25,0.548636,2034.9,"Zn,O,C,H",0.0399611,0.195688,0.321586,1.90498,7.40569
hMOF-5004567,11.75,10.25,0.814665,4682.4,"Zn,O,C,H",0.0315713,0.109723,0.301739,1.29559,4.12963
hMOF-5052961,7.75,5.75,0.70595,3761.1,"O,Zn,C,N,H",0.0153634,0.0824736,0.152155,0.761611,4.71713
hMOF-8809,9.25,7.75,0.725671,2689.8,"Zn,O,C,H",0.0714744,0.314828,0.626852,2.63014,9.6053
hMOF-2734,8.75,7.25,0.800719,4628.0,"Zn,O,C,H",0.0186244,0.0948149,0.237884,1.0067,6.01271
hMOF-5000757,7.75,6.75,0.768912,4645.9,"Zn,O,C,H",0.0151421,0.0748899,0.16261,0.841094,4.93647
hMOF-19728,5.25,3.75,0.461122,610.0,"O,Zn,C,N,H,Br",0.156664,0.662079,1.03681,2.20535,3.20875
hMOF-5007905,11.75,9.75,0.780043,3384.8,"Zn,O,C,H,N",0.0178129,0.121739,0.251315,1.19001,4.77916
hMOF-3000687,22.25,19.75,0.894266,5992.6,"O,Zn,N,C,H",0.00831979,0.04118,0.0787088,0.413835,1.86782
hMOF-5045660,3.25,2.25,0.159266,1.1,"O,Zn,C,N,H",0.0135871,0.0130838,0.116748,0.432471,1.20029
hMOF-15051,12.25,11.25,0.82614,4107.9,"Zn,O,C,H,N",0.0255793,0.165929,0.295059,1.28401,4.95138
hMOF-5050459,9.75,7.75,0.673083,3055.5,"O,Zn,C,N,H",0.0322012,0.148192,0.327171,1.47393,6.05424
hMOF-21469,9.75,8.25,0.742353,3751.8,"O,Zn,C,N,H",0.0148499,0.0787327,0.142756,0.749081,4.02797
hMOF-5006270,5.75,3.75,0.521954,1282.5,"Zn,O,C,H,Cl",0.122636,0.679633,1.42966,4.20163,7.07346
hMOF-6429,3.75,2.25,0.170835,12.4,"Zn,O,C,H,Br",0.00351089,0.0585149,0.0779548,0.415326,0.926031
hMOF-5029748,12.75,8.75,0.828846,3010.7,"Zn,O,C,N,H,Br",0.0144547,0.0730952,0.154561,0.7675,3.423
hMOF-18796,14.75,13.75,0.857618,5591.1,"O,Zn,C,N,H",0.0068239,0.0373893,0.0747786,0.359677,1.91865
hMOF-5056297,18.25,16.75,0.859738,4804.3,"O,Zn,C,N,H",0.010972,0.0442827,0.102063,0.476375,2.36538
hMOF-5029986,9.25,7.75,0.792023,4655.1,"Zn,O,C,N,H",0.0221478,0.103141,0.231619,0.89249,4.95859
hMOF-5014533,5.75,3.75,0.333982,510.9,"Zn,O,C,H",0.646535,1.50319,2.08938,3.24982,4.1275
hMOF-24018,8.75,7.75,0.726692,3768.5,"O,Zn,C,N,H",0.0277771,0.161265,0.30489,1.5492,6.99798
hMOF-11498,12.75,10.75,0.810539,2246.1,"Zn,O,C,H,Br",0.0167608,0.10958,0.177512,0.730619,3.67716
hMOF-5020753,8.75,6.25,0.766042,3809.4,"Zn,O,C,H",0.0445372,0.195539,0.361812,1.94776,8.1988
hMOF-24562,9.75,8.75,0.755939,3623.5,"O,Zn,C,N,H,Cl",0.020437,0.108024,0.17597,0.974871,4.52201
hMOF-5012728,15.25,13.75,0.843114,4283.1,"Zn,O,C,H,F",0.0307266,0.297805,0.635538,1.80289,6.08474
hMOF-5041363,5.75,4.75,0.421616,637.6,"O,Zn,C,N,H",0.160245,0.649691,0.993603,2.66432,4.27219
hMOF-5606,10.75,9.25,0.758964,3266.2,"Zn,O,C,H",0.0288793,0.149284,0.355734,1.72417,6.38204
hMOF-5003790,7.25,5.25,0.627788,2657.0,"Zn,O,C,H",0.0322878,0.177602,0.302006,1.47425,6.79303
hMOF-5025660,18.25,17.25,0.861078,4346.0,"Zn,O,C,N,H,Cl",0.0214748,0.10543,0.176171,0.859379,2.69387
hMOF-5055243,13.25,11.75,0.838586,4099.9,"O,Zn,C,N,H,F",0.0229378,0.0889917,0.218426,1.01961,5.09107
hMOF-5042083,6.75,4.75,0.403444,971.4,"O,Zn,C,N,H",0.0356858,0.186455,0.373779,1.52906,3.57964
hMOF-5054455,17.75,15.75,0.886814,4768.0,"O,Zn,C,N,H",0.0117205,0.0616867,0.11837,0.602405,2.98817
hMOF-5038922,8.75,7.75,0.749893,3972.9,"O,Zn,C,N,H",0.00721877,0.0389813,0.0788289,0.42071,2.27189
hMOF-5037734,3.75,2.25,0.160761,22.2,"O,Zn,C,N,H,Cl",0.174178,0.500295,0.81768,1.12318,1.33116
hMOF-5011341,19.75,18.75,0.876991,3069.7,"Zn,O,C,H,Br",0.00866837,0.043389,0.0898401,0.436434,1.83119
hMOF-26303,5.25,4.75,0.574535,1126.3,"O,Zn,C,N,H",0.640229,2.35832,3.29055,5.63826,7.04807
hMOF-5031024,16.75,15.75,0.894873,5038.6,"Zn,O,C,N,H",0.0248797,0.141402,0.218488,0.972992,4.00467
hMOF-5029470,10.75,9.25,0.790372,2879.6,"Zn,O,C,N,H,Br",0.0313127,0.210309,0.276206,1.02945,3.49881
hMOF-17759,9.25,8.25,0.774908,3710.0,"O,Zn,C,N,H",0.0690415,0.345935,0.691558,2.89329,10.4215
hMOF-24146,5.25,4.75,0.587676,1502.0,"O,Zn,C,N,H",0.202007,0.971271,1.70802,4.98166,7.301
hMOF-4000109,10.25,5.25,0.691553,2177.8,"O,Zn,C,N,H",0.573023,2.04279,3.0751,6.50927,9.41572
hMOF-5053776,7.75,5.75,0.776781,4912.5,"O,Zn,C,N,H",0.017018,0.079048,0.160258,0.863097,4.98052
hMOF-5044908,5.25,4.25,0.534629,1002.3,"O,Zn,C,N,H,Cl",0.497276,1.51995,2.28854,3.86503,5.31828
hMOF-5010701,4.25,3.25,0.408503,694.7,"Zn,O,C,H",0.2123,0.820618,1.56371,4.11908,6.29273
hMOF-16648,11.75,10.75,0.824753,3941.1,"Zn,O,C,H,F",0.159702,0.557448,1.00829,2.3754,7.08285
hMOF-1671,5.25,3.25,0.472427,1282.4,"Zn,O,C,H,N",0.204324,0.894665,1.56263,4.05801,6.19479
hMOF-5014808,4.75,2.75,0.330675,463.3,"Zn,O,C,H",0.274731,1.29182,1.86929,3.54938,4.8566
hMOF-5053913,6.25,5.25,0.702376,2701.7,"O,Zn,C,N,H,F",0.11864,0.598569,1.21129,5.35194,10.897
hMOF-5050974,9.25,8.25,0.740836,3218.3,"O,Zn,C,N,H",0.0173791,0.0927414,0.181059,0.891392,4.57577
hMOF-5010925,4.25,2.25,0.17606,80.6,"Zn,O,C,H,F",0.0765149,0.326689,0.573379,1.07179,1.65839
hMOF-5049565,5.25,4.75,0.460233,888.4,"O,Zn,C,N,H,F",0.510621,1.5956,2.25795,3.5813,4.30845
hMOF-5015487,10.75,9.75,0.706253,3269.7,"Zn,O,C,H,N",0.0387956,0.156851,0.304803,1.09977,3.43557
hMOF-3026,7.25,5.25,0.777781,4464.1,"Zn,O,C,H",0.0501562,0.24354,0.568111,2.64744,12.3492
hMOF-5055536,5.25,3.75,0.490496,1462.3,"O,Zn,C,N,H",0.0501083,0.243884,0.481548,2.00749,5.36522
hMOF-5048656,6.25,4.75,0.480883,1737.7,"O,Zn,C,N,H",0.0240685,0.116904,0.246107,1.20858,4.00251
hMOF-26471,7.75,7.25,0.69683,1644.7,"O,Zn,C,N,H",0.220673,0.923759,1.62469,5.94351,9.07804
hMOF-5025219,10.75,9.75,0.85101,5431.7,"Zn,O,C,N,H",0.0116014,0.061001,0.102666,0.660158,3.20349
hMOF-5011310,18.25,16.75,0.871027,4583.0,"Zn,O,C,H,Cl",0.0398712,0.0886197,0.19882,1.03374,3.54042
hMOF-15054,13.75,12.25,0.839922,4363.0,"Zn,O,C,H,N",0.0184316,0.0780946,0.289898,1.14574,4.26591
hMOF-5004298,4.25,2.25,0.294026,164.1,"Zn,O,C,H,Cl",0.254608,0.947796,1.33252,2.02529,2.397
hMOF-5023590,20.75,19.75,0.898035,5606.2,"Zn,O,C,N,H",0.00942806,0.0645922,0.167398,0.646925,2.60716
hMOF-5020983,7.75,5.75,0.698798,3288.6,"Zn,O,C,H",0.0797547,0.270778,0.644691,2.25208,8.60731
hMOF-5039846,3.75,2.75,0.141988,55.1,"O,Zn,C,N,H,Br",0.0164664,0.0501682,0.0748678,0.414962,1.06249
hMOF-5049683,8.75,7.25,0.689526,3022.0,"O,Zn,C,N,H",0.0130179,0.0729001,0.146451,0.828263,4.53331
hMOF-5048599,6.75,2.75,0.366992,763.9,"O,Zn,C,N,H,F",0.0705686,0.406318,1.01885,3.02253,6.23136
hMOF-5052825,6.75,5.75,0.782977,5184.6,"O,Zn,C,N,H",0.0165237,0.0863806,0.165016,0.921639,5.5482
hMOF-5048867,15.75,13.75,0.863346,4898.4,"O,Zn,C,N,H",0.0121315,0.0482109,0.106347,0.538985,2.73825
hMOF-5008706,8.25,6.25,0.783075,5237.3,"Zn,O,C,H,F",0.0133393,0.0676608,0.147616,0.917117,3.834
hMOF-5019728,9.25,6.75,0.676575,3587.7,"Zn,O,C,H",0.0300405,0.167768,0.274356,1.51779,6.49233
hMOF-5046302,6.75,5.75,0.571246,1962.1,"O,Zn,C,N,H",0.0469775,0.236309,0.482433,1.98564,6.59648
hMOF-5019017,6.75,4.25,0.524435,1822.4,"Zn,O,C,H",0.0331714,0.149007,0.285102,1.35144,5.12871
hMOF-5031843,9.25,7.75,0.763206,3181.4,"Zn,O,C,N,H",0.124434,0.627115,1.13154,3.73876,10.1666
hMOF-13425,5.25,3.75,0.372912,549.0,"Zn,O,C,H,Cl",0.159203,0.511045,0.813804,1.73414,3.43746
hMOF-23987,9.25,8.25,0.787997,4109.0,"O,Zn,C,N,H",0.0354508,0.194979,0.379491,1.76752,8.56555
hMOF-5039507,7.75,6.25,0.647195,2821.8,"O,Zn,C,N,H",0.0139196,0.0582559,0.120636,0.595705,3.11463
hMOF-16577,12.25,11.25,0.817106,3677.0,"Zn,O,C,H,Cl",0.0269581,0.121786,0.28485,1.03084,4.52239
hMOF-14055,20.25,18.75,0.893089,4914.5,"Zn,O,C,H",0.032741,0.114815,0.295467,1.24895,4.69145
hMOF-9063,9.75,8.75,0.715308,2266.6,"Zn,O,C,H,Br",0.0375638,0.133229,0.367388,1.50747,4.97431
hMOF-5057703,5.75,3.75,0.548864,1043.7,"O,Zn,C,N,H,Br",0.150689,0.642194,1.07401,2.69052,4.55196
hMOF-5020261,8.75,7.75,0.759608,3331.6,"Zn,O,C,H,Br",0.0162757,0.0926264,0.154489,0.876581,4.52022
hMOF-5012881,10.75,9.25,0.732039,3909.2,"Zn,O,C,H",0.0273757,0.182363,0.264136,1.43938,5.11741
hMOF-5003369,4.25,3.25,0.276597,203.9,"Zn,O,C",0.17128,0.490605,0.752122,2.05977,2.83828
hMOF-7052,9.25,8.25,0.752385,3387.2,"Zn,O,C,H",0.020572,0.108513,0.203521,1.03158,6.00733
hMOF-5019760,8.75,7.75,0.73152,3514.6,"Zn,O,C,H",0.0526781,0.234193,0.419689,2.07374,7.11277
hMOF-5041721,4.25,2.25,0.167276,66.0,"O,Zn,C,N,H",0.103233,0.313475,0.618137,1.15534,1.42565
hMOF-5048723,6.25,3.25,0.581415,1975.6,"O,Zn,C,N,H",0.0709872,0.360967,0.7532,3.24656,8.17629
hMOF-25842,6.75,5.25,0.712901,2449.1,"O,Zn,C,N,H",0.101891,0.504671,1.016,4.32495,8.70168
hMOF-23603,10.25,9.25,0.754692,2496.3,"O,Zn,C,N,H,Cl",0.0236474,0.126299,0.213095,1.16101,8.13645
hMOF-5006818,6.75,5.25,0.575025,1824.6,"Zn,O,C,H,Cl",0.115054,0.525583,0.716658,3.21906,7.42014
hMOF-5035750,10.25,9.25,0.749429,3669.6,"O,Zn,C,N,H",0.0124992,0.046872,0.103565,0.537912,2.39851
hMOF-5035873,8.75,7.25,0.700252,3024.3,"O,Zn,C,N,H",0.0265391,0.151857,0.291008,1.38167,6.44286
hMOF-5002762,12.75,11.75,0.811719,3866.7,"Zn,O,C,H",0.0303351,0.0874781,0.154921,0.742153,3.87401
hMOF-22796,8.75,7.25,0.670504,2247.4,"O,Zn,C,N,H,F",0.0657281,0.256095,0.62564,2.90724,9.54717
hMOF-19884,12.25,11.75,0.754491,2547.3,"O,Zn,C,N,H,Cl",0.0384377,0.170884,0.342744,1.55162,5.61519
hMOF-5000353,7.75,5.75,0.662695,2015.7,"Zn,O,C,H,Br",0.0459194,0.183491,0.357836,1.49999,6.11993
hMOF-5033931,7.25,5.25,0.607842,2199.6,"O,Zn,C,N,H",0.0592897,0.265162,0.548092,2.34108,7.26965
hMOF-5048324,5.75,3.25,0.421578,424.4,"O,Zn,C,N,H,Br",0.143101,0.524645,0.873174,2.10397,3.33621
hMOF-5025800,8.75,5.25,0.787263,5259.3,"Zn,O,C,N,H",0.0239786,0.121516,0.245601,1.08999,7.54736
hMOF-5001665,4.75,3.25,0.26012,325.5,"Zn,O,C,H,F",0.126213,0.445451,0.932972,1.98079,3.14312
hMOF-12752,8.75,4.75,0.704255,2046.2,"Zn,O,C,H,Br",0.036175,0.163651,0.334022,1.65088,6.56067
hMOF-5006551,4.75,3.75,0.379776,914.0,"Zn,O,C,H",0.0317568,0.173436,0.315875,1.79852,4.26563
hMOF-18918,16.75,15.75,0.850992,5083.7,"O,Zn,C,N,H",0.00713997,0.0389005,0.0759545,0.398731,1.95906
hMOF-23468,5.75,5.25,0.512748,1272.5,"O,Zn,C,N,H",0.0797286,0.389732,0.731393,2.70092,4.99547
hMOF-3553,11.25,10.25,0.753927,3775.1,"Zn,O,C,N,H",0.0317748,0.155253,0.273007,1.07497,4.10468
hMOF-5016325,15.75,14.25,0.86245,3972.0,"Zn,O,C,H,Cl",0.0254511,0.123028,0.178411,0.825681,3.43751
hMOF-1148,11.75,10.75,0.820665,4280.9,"Zn,O,C,H",0.0222025,0.0947972,0.277032,0.962441,4.85424
hMOF-4529,14.75,13.75,0.852967,4581.8,"Zn,O,C,N,H",0.0157045,0.0820616,0.220527,1.18359,3.93852
hMOF-5048921,12.75,11.75,0.8201,4409.2,"O,Zn,C,N,H",0.0180186,0.064655,0.165347,0.68484,3.80299
hMOF-7572,4.25,3.25,0.241251,93.7,"Zn,O,C,H,Cl",0.0850608,0.458271,0.572191,1.22528,1.9218
hMOF-5039635,7.25,3.75,0.571903,2671.5,"O,Zn,C,N,H",0.0205584,0.100942,0.192221,0.980531,4.54227
hMOF-5047615,4.25,2.75,0.265417,237.9,"O,Zn,C,N,H",0.0574786,0.245584,0.515307,1.50498,2.33175
hMOF-5011152,5.75,2.75,0.454373,1090.0,"Zn,O,C,H",0.167289,0.42671,1.00577,3.2732,5.68284
hMOF-18244,13.75,12.25,0.840132,6010.3,"O,Zn,C,N,H",0.00630094,0.033905,0.060759,0.324648,1.68985
hMOF-24554,12.25,11.25,0.799435,3787.7,"O,Zn,C,N,H,F",0.0124824,0.0777973,0.156611,0.812228,4.48888
hMOF-5027541,10.25,5.75,0.818649,4589.5,"Zn,O,C,N,H",0.0279127,0.166382,0.306675,1.60144,8.49097
hMOF-5012742,7.75,4.25,0.642305,2031.0,"Zn,O,C,H,Cl",0.112022,0.502784,1.05703,4.45419,8.8853
hMOF-5007407,10.25,9.25,0.777259,4205.4,"Zn,O,C,H",0.0382829,0.112738,0.310767,1.31963,5.73315
hMOF-5049695,8.25,7.25,0.723918,3122.3,"O,Zn,C,N,H",0.019671,0.102644,0.186948,0.960475,5.33734
hMOF-877,8.25,4.75,0.661307,2929.4,"Zn,O,C,H,N",0.0410181,0.209431,0.403647,2.02715,8.30231
hMOF-5023697,20.25,18.75,0.890193,4847.0,"Zn,O,C,N,H,F",0.0315295,0.636783,0.613511,1.87666,4.83696
hMOF-4263,11.25,10.25,0.776202,3469.6,"Zn,O,C,H,N",0.0241464,0.128813,0.306592,1.26148,5.1045
hMOF-402,5.75,4.75,0.487916,1272.4,"Zn,O,C,H,N",0.0775542,0.379032,0.769678,2.62816,5.70635
hMOF-5034595,14.75,13.25,0.828399,4343.8,"O,Zn,C,N,H",0.0179505,0.0863482,0.169808,0.807567,4.1183
hMOF-5019484,3.75,2.75,0.30074,191.5,"Zn,O,C,H",0.00778018,0.0387434,0.0803217,0.355809,1.44796
hMOF-5001264,7.75,7.25,0.624951,2116.0,"Zn,O,C,H,Cl",0.0364076,0.189688,0.500028,1.98066,7.24004
hMOF-5004467,4.75,3.75,0.358904,619.1,"Zn,O,C,H,F",0.125203,0.696882,1.00749,3.257,4.71301
hMOF-5010355,7.75,6.25,0.631415,1665.3,"Zn,O,C,H,Cl",0.228223,0.702903,1.17691,2.9711,6.35175
hMOF-5032219,11.75,10.75,0.886997,5253.7,"Zn,O,C,N,H",0.019668,0.0792365,0.136358,0.780508,3.38449
hMOF-5053703,5.75,4.75,0.414628,904.2,"O,Zn,C,N,H,F",0.185279,0.696686,1.22079,2.74841,3.99841
hMOF-508,16.75,15.75,0.859378,4758.0,"Zn,O,C,H",0.0112653,0.054882,0.0994616,0.637498,2.35348
hMOF-12391,5.25,2.75,0.390844,365.7,"Zn,O,C,H,Br",0.265298,0.884984,1.396,2.48334,3.31734
hMOF-5042690,7.25,3.75,0.66404,3160.1,"O,Zn,C,N,H",0.0753483,0.354965,0.746787,3.90303,11.7545
hMOF-5023973,8.25,4.25,0.653817,2608.4,"Zn,O,C,N,H",0.0443067,0.271056,0.541638,2.51089,8.57743
hMOF-5024365,6.25,4.75,0.555724,1871.7,"Zn,O,C,N,H",0.093929,0.420084,0.779344,2.58699,6.30677
hMOF-5055415,7.25,6.25,0.772136,3931.0,"O,Zn,C,N,H",0.0400476,0.201356,0.403017,2.06713,10.7259
hMOF-5051865,6.25,4.75,0.62078,2340.7,"O,Zn,C,N,H,F",0.0368057,0.189718,0.362367,1.64808,5.46306
hMOF-16517,6.25,5.25,0.560117,1228.9,"Zn,O,C,H,F",0.410236,1.6582,2.91817,6.01328,8.06417
hMOF-5028275,11.25,9.25,0.827286,3386.9,"Zn,O,C,N,H,Cl",0.0556126,0.199718,0.385512,1.34595,5.68884
hMOF-5055215,13.25,12.25,0.856767,4316.9,"O,Zn,C,N,H",0.0135201,0.0721074,0.153228,0.747923,3.76301
hMOF-5049891,8.25,6.75,0.769886,1765.5,"O,Zn,C,N,H,Cl",0.429256,1.72191,2.26483,4.78511,9.4699
hMOF-10218,9.25,7.75,0.727528,3110.1,"Zn,O,C,H,N",0.0328307,0.141351,0.24781,1.17353,5.53163
hMOF-5021096,6.25,4.75,0.598879,1710.8,"Zn,O,C,H,Cl",0.108347,0.47424,0.9699,4.01598,7.60301
hMOF-5018130,5.75,4.75,0.387959,638.7,"Zn,O,C,H,F",0.706369,1.95794,2.51401,3.889,4.62994
hMOF-5050593,4.75,3.75,0.49583,624.0,"O,Zn,C,N,H,Br",0.0447758,0.236422,0.42556,1.48627,3.29591
hMOF-425,5.75,4.75,0.529572,1343.2,"Zn,O,C,H,N",0.129503,0.546085,0.920613,3.19964,6.13087
hMOF-5042830,5.75,4.25,0.425307,919.9,"O,Zn,C,N,H",0.123257,0.491655,0.896968,2.75558,4.71061
hMOF-10868,13.75,12.75,0.828408,4248.5,"Zn,O,C,N,H",0.0111719,0.0528672,0.158402,0.640092,2.51099
hMOF-5005143,8.75,7.25,0.723843,2781.2,"Zn,O,C,H",0.241249,0.975409,1.66564,3.47804,8.47744
hMOF-26075,5.25,4.25,0.497081,1437.2,"O,Zn,C,N,H",0.0517419,0.281909,0.52009,2.09728,5.08916
hMOF-7014,3.75,2.75,0.290442,209.2,"Zn,O,C,H,Br",0.0553582,0.217092,0.507545,1.46052,2.74173
hMOF-5023491,6.25,4.75,0.532858,1605.7,"Zn,O,C,N,H,F",0.163842,0.727835,1.34617,4.14903,6.7031
hMOF-4032,17.75,16.75,0.876132,5065.6,"Zn,O,C,N,H",0.0543795,0.136082,0.22268,1.21637,3.41318
hMOF-5057145,17.25,16.25,0.861911,4711.2,"O,Zn,C,N,H",0.0896543,0.442058,0.827749,3.17038,7.74393
hMOF-5027911,11.25,9.75,0.819639,3985.3,"Zn,O,C,N,H,Cl",0.0258618,0.125398,0.26315,1.22803,4.66134
hMOF-5004902,7.25,5.75,0.744702,4437.7,"Zn,O,C,H,N",0.0242157,0.148576,0.233331,1.4854,7.46871
hMOF-5011584,6.75,5.75,0.52621,1618.5,"Zn,O,C,H,F",0.191002,0.470925,1.1823,4.28379,7.85817
hMOF-5056229,17.25,15.25,0.895065,4888.9,"O,Zn,C,N,H",0.0217669,0.101846,0.210761,1.05059,4.73112
hMOF-5049288,5.75,4.25,0.670188,2748.6,"O,Zn,C,N,H",0.0623635,0.322999,0.557504,2.89682,8.18719
hMOF-20527,4.25,3.75,0.373287,404.5,"O,Zn,C,N,H",0.532927,1.53315,2.24309,3.88816,3.9636
hMOF-5057446,11.25,9.75,0.845839,3869.6,"O,Zn,C,N,H",0.0131179,0.0667988,0.123829,0.660266,3.49801
hMOF-5025934,9.75,8.75,0.724465,3485.5,"Zn,O,C,N,H",0.0477718,0.430145,0.79623,2.64076,6.49657
hMOF-8436,11.75,10.75,0.708772,3273.2,"Zn,O,C,H",0.0718323,0.372844,0.670535,2.01402,6.115
hMOF-5021451,6.75,5.25,0.652785,1708.2,"Zn,O,C,H,Br",0.051978,0.232072,0.498614,2.47215,6.3343
hMOF-5024937,16.25,15.25,0.87068,4685.4,"Zn,O,C,N,H",0.0174167,0.0972742,0.222156,0.899925,3.9007
hMOF-5008601,4.75,3.75,0.34055,579.0,"Zn,O,C,H",0.0545756,0.26717,0.484419,1.57273,2.90603
hMOF-5037831,7.25,6.75,0.658326,1201.6,"O,Zn,C,N,H,Br",0.257153,0.870625,1.24131,2.65057,4.83084
hMOF-5015616,16.25,15.25,0.849115,4079.5,"Zn,O,C,H,Br",0.0237939,0.0805026,0.152016,0.790749,3.01719
hMOF-5002317,8.75,7.25,0.742984,3219.5,"Zn,O,C,H",0.0533029,0.178794,0.359825,1.77552,6.35857
hMOF-25253,5.75,4.75,0.600817,2023.8,"O,Zn,C,N,H",0.108447,0.570494,1.08017,4.30371,7.95234
hMOF-5690,13.75,13.25,0.8288,3200.6,"Zn,O,C,H,Br",0.0243367,0.121775,0.175005,0.887787,3.06934
hMOF-9327,7.25,5.25,0.695531,3739.4,"Zn,O,C,H,N",0.0268771,0.123504,0.313903,1.31662,7.29167
hMOF-5034348,4.75,3.25,0.391158,813.1,"O,Zn,C,N,H",0.0566187,0.269841,0.497496,1.91454,3.94572
hMOF-5024409,20.25,18.25,0.897411,5415.9,"Zn,O,C,N,H",0.0103784,0.0524441,0.146291,0.634298,2.74995
hMOF-5020674,6.25,4.75,0.500689,1363.6,"Zn,O,C,N,H",0.100402,0.407351,0.741996,2.44001,5.47424
hMOF-5058662,8.25,7.25,0.776829,2737.0,"O,Zn,C,N,H,Cl",0.167943,0.763262,1.46914,5.38823,11.3425
hMOF-20265,4.25,2.25,0.314746,206.7,"O,Zn,C,N,H",0.447437,1.31354,1.58245,2.49776,3.1248
hMOF-12565,8.75,6.75,0.71986,2933.5,"Zn,O,C,H,Cl",0.0256365,0.129242,0.256259,1.19612,6.33411
hMOF-14199,5.25,4.25,0.497947,758.2,"Zn,O,C,H,Br",0.401596,1.31121,1.88578,3.15919,3.8095
hMOF-5024569,6.25,5.25,0.479874,605.3,"Zn,O,C,N,H,Br",0.267634,0.81234,1.21257,2.43431,3.45297
hMOF-4844,8.25,5.75,0.653886,2555.2,"Zn,O,C,H",0.0392052,0.22129,0.513524,2.27341,7.9644
hMOF-5020348,16.75,15.75,0.88945,5406.6,"Zn,O,C,H,N",0.0177211,0.0815799,0.196819,0.720587,2.8878
hMOF-5057290,7.75,6.25,0.790508,3296.3,"O,Zn,C,N,H,F",0.147884,0.668709,1.21832,4.6412,13.4941
hMOF-5011635,3.75,1.75,0.231054,118.2,"Zn,O,C,H,Br",0.174946,0.539842,0.777108,1.46619,2.00339
hMOF-5042934,3.25,2.75,0.211337,71.0,"O,Zn,C,N,H",0.100004,0.256862,0.399219,1.31835,2.3114
hMOF-5012300,6.75,5.25,0.543161,2141.7,"Zn,O,C,H",0.0437789,0.262835,0.487699,1.95144,6.11878
hMOF-24561,5.25,4.25,0.694164,1465.3,"O,Zn,C,N,H,Cl",0.566516,2.20897,3.59037,5.89907,6.84813
hMOF-5056741,6.75,5.75,0.557278,1515.6,"O,Zn,C,N,H",0.0676585,0.349508,0.694136,3.19364,6.72958
hMOF-20726,14.75,13.25,0.829712,4322.0,"O,Zn,C,N,H,F",0.0182019,0.0974269,0.177819,0.954551,5.96883
hMOF-5053941,4.75,2.75,0.266001,173.8,"O,Zn,C,N,H,Br",0.222142,0.602815,0.839763,1.24228,1.65456
hMOF-5008678,6.75,5.25,0.695076,3842.8,"Zn,O,C,H,N",0.0310919,0.130704,0.275011,1.42558,6.62672
hMOF-5000081,4.75,2.75,0.238295,173.6,"Zn,O,C,H",0.153004,0.753393,1.15208,2.15924,2.76974
hMOF-19486,12.75,11.75,0.794199,4919.2,"O,Zn,C,N,H",0.0132915,0.0698844,0.134369,0.643394,3.38322
hMOF-5045266,4.75,2.75,0.264608,282.5,"O,Zn,C,N,H",0.018391,0.0841529,0.166495,0.588931,1.43784
hMOF-5031942,9.75,8.75,0.786016,3445.8,"Zn,O,C,N,H,F",0.0976578,0.475217,0.948905,3.28155,11.1268
hMOF-13711,7.75,5.75,0.714404,1480.0,"Zn,O,C,H,Br",0.109325,0.486013,0.803328,2.8784,6.16912
hMOF-5010183,4.75,2.75,0.142662,70.3,"Zn,O,C,H",0.455978,0.558507,0.914595,1.03757,1.62481
hMOF-25816,6.75,5.25,0.695355,1908.4,"O,Zn,C,N,H",0.130881,0.658997,1.17563,4.55206,8.36746
hMOF-5023668,8.75,4.25,0.709716,3937.1,"Zn,O,C,N,H",0.029544,0.170153,0.346906,1.66087,8.89438
hMOF-8913,14.75,13.25,0.839492,4370.0,"Zn,O,C,H,N",0.0215637,0.0626588,0.145301,0.68857,3.16467
hMOF-5317,14.75,13.75,0.83678,4525.2,"Zn,O,C,N,H,F",0.0633622,0.40817,0.900823,1.87115,5.52626
hMOF-5044468,11.25,9.75,0.717681,2610.1,"O,Zn,C,N,H",0.0152717,0.075296,0.139703,0.698513,3.6235
hMOF-5056198,8.25,6.25,0.796501,4102.5,"O,Zn,C,N,H,Cl",0.0196999,0.0979823,0.199148,0.972978,6.52919
hMOF-5056649,8.75,7.25,0.832416,4075.8,"O,Zn,C,N,H",0.0857596,0.411497,0.790707,3.86695,15.2582
hMOF-13201,14.25,13.25,0.825292,4241.5,"Zn,O,C,N,H",0.0366458,0.147883,0.365592,1.73518,5.63948
hMOF-5056673,18.75,16.75,0.877927,4532.7,"O,Zn,C,N,H",0.00957096,0.0466261,0.0952569,0.463545,2.35303
hMOF-5009477,8.75,7.75,0.642658,2332.0,"Zn,O,C,H",0.123845,0.513852,0.900759,2.9279,9.1566
hMOF-5027808,20.25,18.75,0.89936,4613.5,"Zn,O,C,N,H,F",0.11701,0.491872,0.697588,3.19046,12.5628
hMOF-5017683,3.75,3.25,0.149643,94.7,"Zn,O,C,H,Cl",0.298347,0.599879,0.724219,0.92207,1.04675
hMOF-5029427,7.75,5.75,0.72779,4080.3,"Zn,O,C,N,H",0.0243169,0.120456,0.256475,1.01641,5.58296
hMOF-24909,7.75,6.75,0.68539,1820.0,"O,Zn,C,N,H",0.294772,1.55617,2.60657,6.69762,9.5601
hMOF-5031879,8.25,7.25,0.703676,1690.7,"Zn,O,C,N,H,Br",0.0934653,0.520533,0.821751,2.88515,7.54267
hMOF-5055016,8.25,7.25,0.757749,2233.2,"O,Zn,C,N,H",0.226649,0.890861,1.54317,5.01848,11.8817
hMOF-7478,8.25,4.75,0.644319,2856.1,"Zn,O,C,N,H",0.0411748,0.223053,0.36272,1.88423,7.19196
hMOF-5002015,4.75,3.75,0.339728,544.6,"Zn,O,C,H",0.418929,1.23585,1.90327,3.07949,3.72236
hMOF-8100,6.75,5.25,0.513319,1339.0,"Zn,O,C,H",0.133731,0.827918,1.21289,3.39165,6.87994
hMOF-5041230,3.25,2.75,0.240871,51.8,"O,Zn,C,N,H,F",1.15496,1.63932,1.71378,1.85941,1.97553
hMOF-21080,13.75,12.75,0.791166,4469.4,"O,Zn,C,N,H",0.00881991,0.0499795,0.105545,0.499795,2.5369
hMOF-5003602,6.25,4.75,0.505908,1526.4,"Zn,O,C,H",0.0289022,0.134941,0.286707,1.27011,4.6088
hMOF-11683,4.25,3.25,0.363219,83.4,"Zn,O,C,H,F",0.428279,1.50692,2.13438,3.42153,4.0519
hMOF-5059972,8.25,7.25,0.668789,2512.9,"O,Cu,C,N,H",0.0153832,0.091684,0.171882,0.96422,4.76059
hMOF-5076771,4.25,3.25,0.221161,246.9,"O,Cu,C,N,H,F",0.586067,1.21479,1.45192,2.31072,2.80517
hMOF-5063516,10.25,9.25,0.729931,3076.6,"O,Cu,C,N,H,F",0.0158999,0.0894113,0.170769,0.944084,4.69399
hMOF-5058907,10.75,9.75,0.819455,3456.6,"O,Cu,C,N,H,Cl",0.0172447,0.0737911,0.164159,0.847261,4.87877
hMOF-5070470,6.25,5.75,0.549091,1204.1,"O,Cu,C,N,H",0.0930305,0.434143,0.867403,3.00068,5.3848
hMOF-5062346,10.25,9.25,0.724119,4321.1,"O,Cu,C,N,H",0.00576927,0.0240804,0.0612044,0.281691,1.46138
hMOF-5076812,15.25,14.25,0.820839,4458.3,"O,Cu,C,N,H",0.0103006,0.0535892,0.108352,0.580746,2.74127
hMOF-5066457,4.25,3.25,0.228141,100.9,"O,Cu,C,N,H",0.422423,0.957655,1.12949,1.47857,1.9663
hMOF-5083021,8.75,5.75,0.740429,3778.8,"O,Cu,C,N,H",0.10893,0.420225,0.828608,2.92139,9.68164
hMOF-5066052,5.25,3.25,0.329094,604.7,"O,Cu,C,N,H,Cl",0.0620382,0.274891,0.494988,1.97758,3.39333
hMOF-5083142,17.75,15.75,0.893706,4618.9,"O,Cu,C,N,H",0.0108753,0.0545829,0.1219,0.565583,2.60325
hMOF-5079822,11.25,9.75,0.808384,1459.7,"O,Cu,C,N,H,Br",0.028513,0.146844,0.272235,1.27136,5.97538
hMOF-33503,6.25,5.75,0.550547,776.3,"O,Cu,C,N,H,Br",0.108486,0.575029,1.00845,2.50482,3.93328
hMOF-5077342,7.75,5.25,0.571157,956.8,"O,Cu,C,N,H,Br",0.127962,0.500885,0.826866,2.37472,4.52863
hMOF-36189,9.25,7.25,0.657519,2662.4,"O,Cu,C,N,H",0.0440798,0.196419,0.3403,1.81454,6.57407
hMOF-5066122,12.75,12.25,0.846333,5931.4,"O,Cu,C,N,H",0.00436295,0.0264073,0.0562591,0.288873,1.51578
hMOF-5067508,4.75,2.25,0.183008,118.8,"O,Cu,C,N,H",0.197259,0.5771,0.683646,0.880442,1.13155
hMOF-5073221,4.75,3.25,0.271987,333.3,"O,Cu,C,N,H",0.067959,0.323419,0.56622,1.42991,2.1471
hMOF-5067435,8.25,7.25,0.540158,1671.2,"O,Cu,C,N,H",0.0304357,0.170314,0.263987,1.31047,4.76075
hMOF-5070435,10.25,8.75,0.669413,2133.6,"O,Cu,C,N,H,Cl",0.0220069,0.107418,0.212456,1.0505,5.75701
hMOF-5065760,3.75,2.75,0.222456,95.2,"O,Cu,C,N,H,F",0.0267389,0.137744,0.318537,0.825911,1.87483
hMOF-30875,4.75,3.25,0.347554,147.3,"O,Cu,C,N,H",0.331403,0.891574,1.33852,2.42465,3.31318
hMOF-5061874,6.25,5.25,0.661197,3309.9,"O,Cu,C,N,H",0.0240222,0.124916,0.233893,1.27554,5.85311
hMOF-5062040,3.75,2.25,0.102585,13.9,"O,Cu,C,N,H",0.00218253,0.0111746,0.0256666,0.0996108,0.251166
hMOF-5065905,5.75,4.25,0.453757,1478.9,"O,Cu,C,N",0.0119434,0.0581246,0.119514,0.582122,2.15547
hMOF-5068419,12.75,11.75,0.747045,3612.4,"O,Cu,C,N,H,Cl",0.0126732,0.0691347,0.120614,0.597653,3.12277
hMOF-5060472,9.25,7.75,0.736832,2856.6,"O,Cu,C,N,H",0.0133791,0.081242,0.17683,0.867226,5.13372
hMOF-5067839,6.75,5.25,0.555519,1307.9,"O,Cu,C,N,H,Br",0.0195952,0.106394,0.226586,1.01384,3.90979
hMOF-35359,6.25,5.25,0.526989,877.4,"O,Cu,C,N,H,F",0.418157,1.71589,2.45589,3.66354,4.57883
hMOF-5063000,5.25,3.25,0.618293,1597.0,"O,Cu,C,N,H",0.271567,1.3213,2.25053,5.99951,9.32999
hMOF-5075828,12.25,11.25,0.849277,4201.9,"O,Cu,C,N,H",0.0420285,0.220816,0.435517,1.84959,7.87945
hMOF-5061681,16.25,14.75,0.860634,3261.7,"O,Cu,C,N,H,Br",0.00630751,0.0338826,0.0773883,0.324917,1.69575
hMOF-5076378,6.25,4.75,0.420377,805.7,"O,Cu,C,N,H,Cl",0.0447291,0.226663,0.415122,1.59254,3.34524
hMOF-5061543,11.75,10.75,0.846628,5892.3,"O,Cu,C,N,H",0.0120952,0.0620469,0.12158,0.616071,3.2921
hMOF-5067893,6.75,5.75,0.630139,3385.8,"O,Cu,C,N,H",0.0364733,0.178417,0.335151,1.51465,6.30954
hMOF-5082755,14.75,13.25,0.847087,4833.4,"O,Cu,C,N,H",0.00717879,0.0412992,0.0753351,0.376591,2.08405
hMOF-5069434,9.75,8.75,0.705927,2458.1,"O,Cu,C,N,H",0.028827,0.162721,0.313683,1.565,6.64576
hMOF-5074638,3.75,2.25,0.265183,14.1,"O,Cu,C,N,H,Cl",0.00458431,0.0313427,0.0478363,0.394849,0.958171
hMOF-5058994,4.75,2.75,0.373543,606.4,"O,Cu,C,N,H,Cl",0.0702453,0.28896,0.557861,1.43667,2.43219
hMOF-5077057,11.75,10.75,0.79579,3957.0,"O,Cu,C,N,H",0.0118293,0.0749188,0.136037,0.726234,3.70524
hMOF-33134,7.25,4.75,0.602111,2558.3,"O,Cu,C,N,H",0.0305123,0.133829,0.304606,1.32042,5.34127
hMOF-5069281,7.75,3.25,0.411043,1034.4,"O,Cu,C,N,H",0.0770147,0.35312,0.613641,2.11763,4.91348
hMOF-3002035,11.75,10.75,0.715534,3916.9,"O,Cu,N,C,H",0.00858295,0.0414404,0.0888309,0.41235,1.91921
hMOF-5066810,6.25,5.25,0.501558,1380.5,"O,Cu,C,N,H",0.0369669,0.174566,0.350625,1.86608,5.04262
hMOF-5079512,8.25,7.25,0.838711,3864.5,"O,Cu,C,N,H",0.0486229,0.248883,0.459222,2.54147,15.1671
hMOF-5075256,12.25,10.75,0.817038,5289.5,"O,Cu,C,N,H",0.00552833,0.0452632,0.0827522,0.430001,2.24779
hMOF-5080753,15.75,14.75,0.89856,4280.1,"O,Cu,C,N,H,Cl",0.0111454,0.0606413,0.110752,0.576663,2.91745
hMOF-29220,6.75,5.25,0.654323,2856.1,"O,Cu,C,N,H",0.0224908,0.109796,0.24699,1.21471,4.76007
hMOF-33367,10.25,9.75,0.756336,3170.3,"O,Cu,C,N,H,F",0.0211853,0.145813,0.274094,1.60833,7.62232
hMOF-2000705,19.25,17.25,0.810176,3486.8,"O,Cu,C,H,F",0.052841,0.21944,0.4762,1.86559,6.07662
hMOF-5079967,3.75,2.25,0.157348,32.1,"O,Cu,C,N,H,Cl",0.119928,0.254276,0.479674,0.988911,1.47566
hMOF-28451,14.75,13.75,0.846772,5064.3,"O,Cu,C,N,H",0.0260154,0.144913,0.247616,1.31111,5.15188
hMOF-5064410,14.25,13.75,0.841303,4272.9,"O,Cu,C,N,H,Cl",0.00992198,0.042232,0.0835736,0.43097,2.08616
hMOF-5078139,8.75,7.75,0.546376,1878.5,"O,Cu,C,N,H",0.0131707,0.0580041,0.115875,0.656537,3.12743
hMOF-33381,11.75,10.75,0.805864,2165.8,"O,Cu,C,N,H,Br",0.0126928,0.0599236,0.115271,0.668054,3.36108
hMOF-5077555,6.75,4.25,0.68804,3450.9,"O,Cu,C,N,H,Cl",0.0219859,0.12483,0.231473,1.21193,6.79446
hMOF-5063170,4.25,3.25,0.437423,288.0,"O,Cu,C,N,H,Br",0.626846,1.43416,1.71891,2.37544,2.63842
hMOF-5066979,6.25,5.25,0.529583,1212.1,"O,Cu,C,N,H",0.176378,0.830214,1.24663,3.39762,5.12902
hMOF-5065038,4.75,3.25,0.285672,310.6,"O,Cu,C,N,H",0.0753198,0.335218,0.605446,1.78105,2.68053
hMOF-5060509,6.75,6.25,0.614802,1702.3,"O,Cu,C,N,H",0.0942641,0.441393,0.801245,2.85068,6.16426
hMOF-5081322,9.75,7.25,0.76203,3948.3,"O,Cu,C,N,H",0.0237924,0.136287,0.284182,1.38527,6.84153
hMOF-5066326,6.25,4.25,0.557842,1471.8,"O,Cu,C,N,H,F",0.260461,1.20637,2.3013,6.23257,8.15626
hMOF-5064530,5.75,4.75,0.421403,702.5,"O,Cu,C,N,H,F",0.0668835,0.345517,0.648343,2.05318,4.40349
hMOF-5067093,3.75,2.75,0.233437,29.7,"O,Cu,C,N,H,Cl",0.817797,1.25522,1.38051,1.52339,1.67171
hMOF-36201,5.25,3.75,0.451833,760.8,"O,Cu,C,N,H,F",0.65477,2.13878,2.93957,4.80242,6.24178
hMOF-29249,5.25,3.75,0.499847,1769.5,"O,Cu,C,N,H",0.0395718,0.198919,0.34272,1.70777,4.84719
hMOF-5076376,17.25,15.75,0.871927,4153.6,"O,Cu,C,N,H,Cl",0.00806698,0.0443684,0.0841131,0.443586,2.26889
hMOF-2000537,12.25,9.75,0.716662,2041.9,"O,Cu,C,H,N",0.382901,0.710566,0.853791,1.37298,4.0
hMOF-5073071,10.75,9.25,0.739776,4948.5,"O,Cu,C,N,H",0.01449,0.088182,0.16698,0.851184,3.93576
hMOF-29075,6.75,5.75,0.73948,4258.0,"O,Cu,C,N,H",0.0222147,0.101654,0.209406,1.05868,6.39129
hMOF-36052,6.75,4.75,0.567079,1657.7,"O,Cu,C,N,H,Cl",0.128901,0.566232,1.19008,4.2137,6.98025
hMOF-5059486,11.25,10.25,0.822084,5548.0,"O,Cu,C,N,H",0.00646465,0.0330221,0.0684904,0.323058,1.71261
hMOF-5066311,10.75,9.75,0.711693,2713.6,"O,Cu,C,N,H",0.0113679,0.0704812,0.129452,0.740479,3.80982
hMOF-5078175,6.25,4.25,0.611228,2353.1,"O,Cu,C,N,H,Cl",0.0474519,0.248397,0.440421,2.36953,7.61373
hMOF-30898,12.25,11.25,0.764759,3185.6,"O,Cu,C,N,H,Cl",0.0200989,0.115468,0.193435,1.01425,4.13363
hMOF-3001591,10.25,8.25,0.794,5030.4,"O,Cu,N,C,H",0.00478087,0.0223973,0.04586,0.237069,1.17474
hMOF-35940,6.75,5.75,0.63181,1993.7,"O,Cu,C,N,H",0.0446975,0.253521,0.471532,2.22374,6.66946
hMOF-5061232,3.25,2.75,0.181424,1.1,"O,Cu,C,N",0.0,0.0012274,0.00201645,0.0103452,0.0675948
hMOF-5075702,14.75,13.75,0.814122,3409.0,"O,Cu,C,N,H,Cl",0.0123736,0.0706765,0.15488,0.750072,3.5269
hMOF-5066599,8.25,6.75,0.567941,923.4,"O,Cu,C,N,H,Br",0.019687,0.108374,0.190499,0.867119,3.23625
hMOF-35911,7.75,6.25,0.703834,2055.5,"O,Cu,C,N,H",0.0428821,0.225258,0.470855,2.27648,7.50708
hMOF-5073989,6.25,4.25,0.644888,2141.5,"O,Cu,C,N,H",0.140451,0.626179,1.31143,4.30754,8.09497
hMOF-5063574,6.75,4.25,0.553474,1787.7,"O,Cu,C,N,H",0.0713893,0.390918,0.727515,2.69819,5.86016
hMOF-3001948,16.25,14.25,0.826009,4240.2,"O,Cu,N,C,H,F",0.00702561,0.0382295,0.0792438,0.3847,1.86698
hMOF-5083116,10.25,7.75,0.78774,3928.6,"O,Cu,C,N,H",0.0189564,0.0925226,0.196994,0.893594,5.34701
hMOF-5074833,13.75,12.75,0.832079,4019.7,"O,Cu,C,N,H,F",0.0179922,0.08905,0.165118,0.808965,4.30924
hMOF-5059269,9.25,8.75,0.725686,3079.9,"O,Cu,C,N",0.00682053,0.0291423,0.0669653,0.362418,1.89053
hMOF-28905,13.25,12.25,0.817431,3481.1,"O,Cu,C,N,H,F",0.0144099,0.0659094,0.127183,0.721996,3.83828
hMOF-32413,11.25,10.25,0.756531,3281.3,"O,Cu,C,N,H",0.0311296,0.120627,0.232057,1.12668,5.52715
hMOF-5066517,4.75,3.25,0.327103,359.7,"O,Cu,C,N,H,Cl",0.0753046,0.376587,0.556921,1.98033,4.09162
hMOF-5068709,11.75,10.75,0.780093,3692.2,"O,Cu,C,N,H,Cl",0.0218928,0.0993067,0.217351,1.09464,4.29228
hMOF-5068359,7.25,6.25,0.665838,3337.4,"O,Cu,C,N,H",0.0347762,0.176584,0.331185,1.80476,9.02489
hMOF-3001360,12.75,9.75,0.865454,4973.4,"O,Cu,N,C,H,Cl",0.00587606,0.0291511,0.0617195,0.272091,1.41692
hMOF-29710,17.25,15.75,0.864449,3721.5,"O,Cu,C,N,H,Cl",0.0132448,0.0663005,0.148449,0.701055,3.33179
hMOF-5074254,6.25,3.75,0.459796,1160.8,"O,Cu,C,N,H",0.103308,0.448736,0.806461,2.53607,5.03353
hMOF-3001627,9.25,5.75,0.690497,4067.2,"O,Cu,N,C,H",0.0152552,0.0753275,0.154133,0.714287,3.33251
hMOF-5076672,4.75,3.75,0.580381,1882.1,"O,Cu,C,N,H",0.0828785,0.419452,0.852165,3.26367,6.68262
hMOF-5075570,13.75,12.75,0.829445,5418.8,"O,Cu,C,N,H",0.0183436,0.0782225,0.149239,0.726801,3.53377
hMOF-5071904,5.25,4.25,0.684339,2795.0,"O,Cu,C,N,H",0.303933,1.56073,3.02071,7.74177,11.3194
hMOF-27393,8.25,7.25,0.662774,2339.5,"O,Cu,C,N,H",0.0211295,0.103788,0.242905,1.13795,5.26361
hMOF-5072773,10.75,9.75,0.778918,4618.1,"O,Cu,C,N,H",0.0136858,0.0780458,0.137227,0.699946,3.85704
hMOF-5074180,7.25,4.75,0.682409,2464.5,"O,Cu,C,N,H,Cl",0.0762119,0.388342,0.753191,3.21806,8.56676
hMOF-5074622,4.75,3.75,0.30711,357.8,"O,Cu,C,N,H",0.364422,1.28964,1.62937,2.31395,2.64102
hMOF-5071993,5.75,4.75,0.516518,1144.6,"O,Cu,C,N,H,Br",0.0278812,0.145922,0.301087,1.34966,3.55577
hMOF-5062058,6.75,6.25,0.604917,2481.6,"O,Cu,C,N,H",0.0122077,0.0449348,0.0857138,0.469348,2.45921
hMOF-28656,4.75,3.75,0.283046,429.3,"O,Cu,C,N,H",0.0290257,0.134642,0.249902,0.910282,2.36643
hMOF-32674,7.25,6.75,0.582981,1473.1,"O,Cu,C,N,H,Br",0.0161474,0.0700609,0.154268,0.74318,3.19064
hMOF-27401,7.25,4.75,0.596738,2011.7,"O,Cu,C,N,H",0.0491375,0.235343,0.454864,2.01068,6.82783
hMOF-5078842,6.25,4.25,0.706157,1951.9,"O,Cu,C,N,H",0.751856,2.53846,3.72656,6.88401,9.26526
hMOF-35116,5.25,4.75,0.665829,973.4,"O,Cu,C,N,H,Cl",0.945512,2.63475,3.5584,5.02698,5.9679
hMOF-5077107,10.25,9.25,0.681953,2549.1,"O,Cu,C,N,H",0.0677509,0.328505,0.653694,2.46556,8.04224
hMOF-5070537,6.25,4.75,0.570226,2057.9,"O,Cu,C,N,H",0.0266033,0.114537,0.253239,1.18456,5.84481
hMOF-5077168,7.75,6.75,0.722405,2000.5,"O,Cu,C,N,H",0.548016,1.54252,1.94897,4.08193,8.2394
hMOF-34780,4.75,4.25,0.421298,924.7,"O,Cu,C,N,H",0.145188,0.564113,1.00315,2.84306,4.37595
hMOF-5078614,4.25,2.75,0.258308,303.5,"O,Cu,C,N,H,Cl",0.680351,1.56757,1.83196,2.12813,2.36217
hMOF-5066961,6.75,5.75,0.483865,1081.8,"O,Cu,C,N,H",0.0720646,0.398501,0.84835,2.78329,4.64099
hMOF-5079209,17.75,16.25,0.88613,4638.5,"O,Cu,C,N,H",0.0114401,0.0582597,0.113906,0.552655,2.57374
hMOF-37213,13.25,12.25,0.842611,4683.5,"O,Cu,C,N,H",0.0284116,0.135633,0.265844,1.249,5.0942
hMOF-30295,6.75,4.25,0.582668,2208.6,"O,Cu,C,N,H",0.0385003,0.174096,0.366107,1.75947,6.03165
hMOF-5068072,6.25,3.25,0.580033,2210.5,"O,Cu,C,N,H",0.0412039,0.201117,0.434217,2.04747,7.17724
hMOF-5081707,6.25,4.25,0.557227,1522.0,"O,Cu,C,N,H",0.10041,0.46121,0.839087,3.329,6.75871
hMOF-5077516,10.75,9.75,0.811325,4461.0,"O,Cu,C,N,H",0.00608139,0.0335345,0.0703704,0.375309,1.94049
hMOF-5058986,7.25,5.25,0.656074,2667.2,"O,Cu,C,N,H,F",0.0559539,0.256171,0.561363,2.66626,9.09457
hMOF-5062642,6.75,4.75,0.745085,5504.7,"O,Cu,C,N",0.0119434,0.0531482,0.110238,0.607442,3.22568
hMOF-5080253,13.75,12.25,0.843439,5923.5,"O,Cu,C,N,H",0.00425051,0.0306981,0.0592709,0.276519,1.34741
hMOF-5078832,6.75,4.25,0.736499,2181.8,"O,Cu,C,N,H,Br",0.0950933,0.451894,0.926326,3.45762,7.38163
hMOF-31181,5.25,2.75,0.330396,441.5,"O,Cu,C,N,H",0.161512,0.54753,0.922654,1.82463,2.73875
hMOF-30206,14.25,13.25,0.850016,4345.6,"O,Cu,C,N,H,F",0.00987223,0.0511241,0.115294,0.557311,2.7835
hMOF-31641,6.25,5.75,0.55888,2696.3,"O,Cu,C,N,H",0.0180503,0.0983228,0.202222,1.06629,5.26262
hMOF-5083276,9.75,7.75,0.819791,4339.7,"O,Cu,C,N,H",0.0234226,0.116054,0.223449,1.21199,6.81304
hMOF-5072605,7.25,5.75,0.696515,2843.5,"O,Cu,C,N,H,Cl",0.0710018,0.345966,0.593691,2.68333,8.51664
hMOF-37386,7.25,4.75,0.681802,3898.4,"O,Cu,C,N,H",0.0189128,0.104477,0.208771,1.07335,5.91935
hMOF-5076455,6.25,5.75,0.447252,992.5,"O,Cu,C,N,H",0.0302263,0.148591,0.267693,1.16922,3.64008
hMOF-5060376,3.75,2.75,0.298342,145.9,"O,Cu,C,N,H,F",0.0880028,0.353714,0.613958,1.65252,2.92112
hMOF-5069171,5.75,3.75,0.520162,1429.1,"O,Cu,C,N,H",0.111903,0.615601,1.0594,3.61235,6.98089
hMOF-5082874,8.25,6.75,0.842913,3483.7,"O,Cu,C,N,H,Br",0.0648973,0.300853,0.566312,1.88405,6.13559
hMOF-5081198,13.75,12.25,0.858178,4354.4,"O,Cu,C,N,H",0.0138022,0.0733511,0.142188,0.727088,3.39091
hMOF-33562,6.25,4.75,0.642152,1786.9,"O,Cu,C,N,H,Br",0.0400961,0.204588,0.399396,2.06681,5.24339
hMOF-5077292,13.75,12.25,0.831216,3863.8,"O,Cu,C,N,H",0.0146892,0.0897919,0.157605,0.824252,4.06648
hMOF-5071913,12.25,10.75,0.811029,4046.0,"O,Cu,C,N,H",0.0303803,0.162399,0.331358,1.39326,6.50462
hMOF-5061557,9.75,8.75,0.805056,4871.2,"O,Cu,C,N,H",0.0112681,0.0756572,0.136827,0.724914,3.30719
hMOF-5060495,6.25,5.25,0.627444,1668.7,"O,Cu,C,N,H",0.277759,1.14735,1.78099,4.52298,6.96028
hMOF-5062797,10.75,9.25,0.729448,3897.8,"O,Cu,C,N,H",0.0177957,0.087149,0.136877,0.767211,3.55448
hMOF-5078425,7.25,5.75,0.527182,998.5,"O,Cu,C,N,H,Cl",0.052317,0.275068,0.476224,2.46194,5.37473
hMOF-5067611,11.25,9.25,0.774164,2181.1,"O,Cu,C,N,H,Br",0.0117508,0.0546815,0.102019,0.563306,2.5277
hMOF-33696,5.25,4.25,0.624223,2464.4,"O,Cu,C,N,H",0.0639542,0.276374,0.625444,2.75988,7.5321
hMOF-5069150,5.75,4.75,0.542622,2249.1,"O,Cu,C,N,H",0.0253981,0.129431,0.233554,1.07811,4.27411
hMOF-5079184,13.75,12.25,0.864697,4677.0,"O,Cu,C,N,H",0.0345593,0.207273,0.368355,1.72215,6.99717
hMOF-5075215,6.25,4.75,0.660452,2117.4,"O,Cu,C,N,H,Cl",0.0711481,0.37578,0.726986,3.68722,8.27277
hMOF-5059913,3.75,2.75,0.169683,41.8,"O,Cu,C,N,H",0.0126961,0.0666867,0.121831,0.406148,1.27282
hMOF-28903,6.25,3.75,0.57687,1757.9,"O,Cu,C,N,H,F",0.121624,0.664304,1.27598,5.06788,9.03969
hMOF-37656,9.25,7.75,0.697872,2843.5,"O,Cu,C,N,H",0.032492,0.188242,0.374246,1.77317,7.26867
hMOF-5068886,9.75,8.25,0.783183,4819.5,"O,Cu,C,N,H",0.00807777,0.0401918,0.0868852,0.437381,2.46175
hMOF-29590,7.25,5.25,0.687919,2692.7,"O,Cu,C,N,H",0.052919,0.296316,0.503417,2.25691,8.06764
hMOF-5078965,14.75,13.25,0.879806,5276.9,"O,Cu,C,N,H",0.00706869,0.0367793,0.0788601,0.346366,1.87331
hMOF-4000363,9.75,8.75,0.724258,1130.0,"O,Cu,C,H",0.0852589,0.366839,0.687206,2.47625,8.86859
hMOF-5065430,9.75,8.75,0.740551,3595.4,"O,Cu,C,N,H",0.0178805,0.100826,0.181661,0.919232,4.43437
hMOF-5070219,5.25,4.75,0.258542,239.4,"O,Cu,C,N,H",0.381525,0.710793,0.92269,1.24676,1.57507
hMOF-33642,5.75,4.25,0.631123,2610.7,"O,Cu,C,N,H,F",0.0784522,0.396457,0.75824,3.68061,8.49034
hMOF-5080772,8.75,4.75,0.694778,1693.3,"O,Cu,C,N,H,Br",0.0276143,0.136912,0.294921,1.46889,5.76918
hMOF-5070401,7.75,6.75,0.601906,1869.7,"O,Cu,C,N,H",0.0689377,0.35738,0.71202,2.96995,7.60219
hMOF-5077487,4.25,3.25,0.456699,895.1,"O,Cu,C,N,H",0.0326393,0.167859,0.361936,1.58508,4.91411
hMOF-5073051,12.75,11.75,0.837888,6080.5,"O,Cu,C,N,H",0.00566941,0.0308038,0.0610406,0.291219,1.49975
hMOF-5075173,10.75,9.75,0.846737,4195.6,"O,Cu,C,N,H",0.0232632,0.10609,0.225985,1.14245,5.40702
hMOF-5081410,6.75,4.25,0.742593,2235.4,"O,Cu,C,N,H",0.750785,2.10168,2.75423,5.87855,9.14913
hMOF-5064769,9.25,8.25,0.713299,2865.4,"O,Cu,C,N,H,Br",0.00848322,0.0472636,0.0843128,0.414293,2.14071
hMOF-32017,6.75,5.25,0.619792,1769.5,"O,Cu,C,N,H,Cl",0.110443,0.56634,1.2246,4.73518,8.04585
hMOF-5072936,5.25,3.75,0.554966,1927.2,"O,Cu,C,N,H",0.0650403,0.294778,0.626215,2.72169,7.01618
hMOF-5076745,5.75,3.75,0.376161,699.3,"O,Cu,C,N,H",0.0972567,0.515117,0.938491,2.93587,5.05753
hMOF-5078263,5.75,4.25,0.601974,2497.3,"O,Cu,C,N,H",0.0317578,0.161607,0.314878,1.62898,6.71839
hMOF-5065580,10.75,9.75,0.81094,5087.5,"O,Cu,C,N,H",0.0069262,0.0343836,0.0591201,0.306237,1.7788
hMOF-5066952,7.75,6.75,0.617671,1681.7,"O,Cu,C,N,H",0.0970652,0.516946,1.08154,4.3247,8.82573
hMOF-5072465,4.25,2.75,0.271893,128.7,"O,Cu,C,N,H",0.0562868,0.238991,0.470833,1.47645,2.41325
hMOF-5074469,7.25,5.75,0.679818,2927.7,"O,Cu,C,N,H",0.0300464,0.145847,0.310534,1.55283,6.91019
hMOF-5080466,6.25,4.75,0.63475,2250.2,"O,Cu,C,N,H,Cl",0.0426104,0.222274,0.498233,2.37474,7.78663
hMOF-5069447,9.25,8.25,0.661797,2007.7,"O,Cu,C,N,H",0.0299923,0.146653,0.301797,1.4479,5.86238
hMOF-35420,12.75,11.75,0.798193,3079.3,"O,Cu,C,N,H,F",0.0187206,0.1215,0.227339,1.16924,7.01202
hMOF-5075199,5.75,3.75,0.593855,2545.7,"O,Cu,C,N,H,F",0.0586164,0.309111,0.601407,3.13668,8.59437
hMOF-5061962,6.75,6.25,0.630909,2700.5,"O,Cu,C,N,H,F",0.0101663,0.0473534,0.0984523,0.548176,2.78823
hMOF-37696,9.25,8.25,0.622327,1806.5,"O,Cu,C,N,H",0.175901,0.852581,1.33329,4.52345,9.15315
hMOF-27476,4.75,2.75,0.395255,518.0,"O,Cu,C,N,H",0.2206,0.8402,1.32809,2.68385,3.48465
hMOF-5082337,5.25,2.75,0.385466,444.5,"O,Cu,C,N,H,Br",0.0385753,0.185336,0.328089,0.989307,2.34099
hMOF-5071210,12.25,10.25,0.811631,3448.1,"O,Cu,C,N,H,Cl",0.0139365,0.0801082,0.156387,0.783209,4.10946
hMOF-5059728,9.75,6.25,0.753507,4619.4,"O,Cu,C,N,H",0.014159,0.0813477,0.143193,0.764054,4.34549
hMOF-5080464,3.25,2.75,0.102382,5.8,"O,Cu,C,N,H,F",0.178726,0.453847,0.542046,0.871852,1.28294
hMOF-33397,8.25,7.25,0.680805,2310.6,"O,Cu,C,N,H",0.0746484,0.373719,0.725258,3.79335,10.6096
hMOF-5059048,9.25,8.25,0.75724,4480.8,"O,Cu,C,N,H",0.0127215,0.0719853,0.130629,0.690377,3.53938
hMOF-5066016,4.75,3.75,0.291701,579.2,"O,Cu,C,N,H,F",0.151334,0.665345,1.05491,2.25983,3.02482
hMOF-5073397,12.75,11.75,0.804294,5465.0,"O,Cu,C,N,H",0.0221203,0.0910132,0.208544,1.07364,4.44432
hMOF-30766,5.25,4.25,0.486926,1406.6,"O,Cu,C,N,H",0.0256761,0.134017,0.287447,1.25625,3.65352
hMOF-5061095,7.25,5.75,0.716197,3524.8,"O,Cu,C,N,H",0.0287323,0.155351,0.276986,1.47759,7.96831
hMOF-5081772,5.25,3.75,0.809981,1891.7,"O,Cu,C,N,H",2.14465,4.23309,5.08874,7.21893,8.5162
hMOF-5072332,6.25,4.75,0.591496,2206.0,"O,Cu,C,N,H",0.0336889,0.159087,0.313806,1.5072,5.55251
hMOF-5060968,12.25,9.75,0.857053,2783.1,"O,Cu,C,N,H,Br",0.00728273,0.0443032,0.0862801,0.456081,2.34999
hMOF-5069723,12.25,11.25,0.77062,4439.2,"O,Cu,C,N,H",0.006949,0.0357619,0.0798287,0.372195,2.29283
hMOF-5082949,10.25,9.25,0.786789,3200.1,"O,Cu,C,N,H",0.0285523,0.142915,0.28739,1.2597,5.74608
hMOF-27493,7.75,6.75,0.72532,3238.0,"O,Cu,C,N,H,F",0.0426509,0.230545,0.498698,2.22375,9.79961
hMOF-5080755,5.75,4.75,0.674628,1623.2,"O,Cu,C,N,H,Cl",0.60969,2.30645,3.7201,6.58311,8.19573
hMOF-33486,13.75,12.75,0.827494,4447.9,"O,Cu,C,N,H",0.024597,0.109587,0.220773,1.01658,4.88311
hMOF-36712,5.25,4.75,0.393711,885.8,"O,Cu,C,N,H",0.0196276,0.1106,0.204065,0.906299,2.56437
hMOF-5063855,7.75,5.25,0.555156,1473.8,"O,Cu,C,N,H,Br",0.0196669,0.0855894,0.187659,0.80766,3.07221
hMOF-5062376,9.25,8.25,0.709037,3354.9,"O,Cu,C,N,H",0.00821915,0.0462327,0.0973969,0.455752,2.17725
hMOF-28855,5.25,4.75,0.548493,683.5,"O,Cu,C,N,H,Br",0.17502,0.693195,1.19505,2.49013,3.46221
hMOF-5075865,5.25,3.25,0.588999,1545.7,"O,Cu,C,N,H",0.120981,0.621627,1.24693,4.52058,8.3807
hMOF-5078436,6.25,4.75,0.482265,720.5,"O,Cu,C,N,H,Br",0.0406355,0.222114,0.381169,1.42636,3.10512
hMOF-3001381,13.25,10.25,0.861056,5859.2,"O,Cu,N,C,H",0.00511306,0.0298858,0.0564737,0.288198,1.3839
hMOF-33977,8.25,7.25,0.626643,1796.9,"O,Cu,C,N,H,Cl",0.0358264,0.192817,0.37487,2.02088,6.30452
hMOF-5061996,7.25,6.75,0.656141,2853.7,"O,Cu,C,N,H",0.0140363,0.0595139,0.136994,0.716694,3.09585
hMOF-5069256,5.75,3.75,0.442182,668.3,"O,Cu,C,N,H,Br",0.0695302,0.312643,0.581916,1.74804,3.06248
hMOF-32601,6.25,5.25,0.51414,1166.0,"O,Cu,C,N,H,Br",0.0144125,0.0930142,0.166945,0.741712,2.43585
hMOF-5068521,9.25,7.75,0.720631,3552.8,"O,Cu,C,N,H",0.0321166,0.159485,0.305519,1.48917,6.16089
hMOF-37268,5.75,3.25,0.592848,1016.6,"O,Cu,C,N,H",0.488857,1.91357,2.68743,5.30652,7.52423
hMOF-37246,4.75,3.25,0.471938,723.0,"O,Cu,C,N,H",0.310691,1.36092,2.12806,4.25431,5.34677
hMOF-4000265,10.25,5.75,0.770204,3066.5,"O,Cu,C,H",0.253844,0.726214,1.23808,2.56184,4.12514
hMOF-5058808,8.25,7.25,0.764333,2420.8,"O,Cu,C,N,H",0.0809379,0.478654,0.896657,4.86198,12.1358
hMOF-5078174,14.75,13.75,0.827216,4684.6,"O,Cu,C,N,H,Cl",0.00791744,0.0431764,0.0935314,0.483175,2.22427
hMOF-5062955,6.25,4.25,0.583763,1076.6,"O,Cu,C,N,H",0.755253,1.94558,2.72845,4.30302,5.72897
hMOF-5066813,3.75,2.75,0.203355,40.0,"O,Cu,C,N,H",0.279965,0.7838,0.94453,1.28136,1.59539
hMOF-5080011,9.75,8.25,0.825826,4391.3,"O,Cu,C,N,H",0.0101692,0.0512581,0.100592,0.559716,3.29742
hMOF-5072795,3.75,3.25,0.215381,124.8,"O,Cu,C,N,H",0.0510508,0.195695,0.430769,1.26422,2.03134
hMOF-5070285,5.75,3.75,0.522656,1072.5,"O,Cu,C,N,H",0.46377,1.60175,2.37174,4.75753,6.93831
hMOF-30724,7.25,6.25,0.596207,1948.9,"O,Cu,C,N,H",0.0137727,0.0623051,0.122971,0.582389,3.25069
hMOF-5080389,12.25,11.25,0.857403,5374.9,"O,Cu,C,N,H",0.00981018,0.0395023,0.0765194,0.365854,2.0485
hMOF-5077955,16.25,14.75,0.848628,6236.6,"O,Cu,C,N,H",0.00895195,0.0383026,0.0780728,0.419861,2.12073
hMOF-4000390,10.75,10.25,0.709778,1446.0,"O,Cu,C,N,H",0.265683,1.00828,1.74851,5.61942,9.64452
hMOF-31260,4.75,3.25,0.364418,407.7,"O,Cu,C,N,H",0.327933,1.22475,1.62647,2.42327,3.37346
hMOF-34117,7.25,6.25,0.711688,2144.8,"O,Cu,C,N,H",0.214385,1.03787,2.08123,6.6222,10.5862
hMOF-32757,5.75,5.25,0.446679,836.8,"O,Cu,C,N,H",0.0582462,0.294453,0.54454,1.87627,3.55674
hMOF-5074532,7.75,6.75,0.679754,3072.2,"O,Cu,C,N,H",0.0110773,0.0691906,0.127474,0.632429,3.1814
hMOF-31199,5.75,5.25,0.567238,1287.7,"O,Cu,C,N,H",0.141015,0.687056,1.18996,3.28803,6.03937
hMOF-30350,4.25,3.75,0.379972,275.8,"O,Cu,C,N,H",1.10988,2.09916,2.61941,3.07633,3.282
hMOF-5059487,11.75,10.75,0.829697,5706.2,"O,Cu,C,N,H",0.00763715,0.0336398,0.0620064,0.320397,1.57762
hMOF-5074704,8.25,5.75,0.750601,1932.0,"O,Cu,C,N,H,Cl",0.219425,0.905619,1.45042,3.95848,8.14795
hMOF-5070375,4.75,3.25,0.448904,306.1,"O,Cu,C,N,H",1.71419,2.01613,2.29556,2.3519,2.90221
hMOF-5076396,16.75,15.75,0.874249,5026.8,"O,Cu,C,N,H",0.0161764,0.0871665,0.170143,0.843618,3.56708
hMOF-5065769,14.25,12.75,0.850209,5633.4,"O,Cu,C,N,H,F",0.0062132,0.0319536,0.0670138,0.334625,1.53643
hMOF-5074236,6.25,3.75,0.662607,3158.3,"O,Cu,C,N,H",0.0787761,0.362008,0.736901,3.44451,9.80514
hMOF-5060073,4.25,2.25,0.188634,123.1,"O,Cu,C,N,H",0.0102295,0.0464539,0.0937502,0.334083,0.980947
hMOF-34371,5.75,4.25,0.617772,1305.2,"O,Cu,C,N,H,Br",0.0977953,0.540612,0.940595,3.0915,4.68928
hMOF-5081393,6.75,4.25,0.771205,3052.1,"O,Cu,C,N,H",0.210188,0.951535,1.74716,5.40772,9.97797
hMOF-5079251,5.25,4.25,0.662491,2142.5,"O,Cu,C,N,H,F",0.236416,1.05772,1.79045,5.35055,7.88265
hMOF-5067770,7.25,6.25,0.560648,2153.2,"O,Cu,C,N,H,F",0.0876649,0.40814,0.796783,3.20504,8.50985
hMOF-5061103,15.75,14.75,0.863832,5390.7,"O,Cu,C,N,H",0.0115667,0.0478666,0.101394,0.456517,2.36146
hMOF-5065743,3.75,2.75,0.220509,111.3,"O,Cu,C,N,H",0.0065476,0.0243571,0.0466189,0.24392,0.993489
hMOF-5077498,8.75,6.75,0.755844,4520.5,"O,Cu,C,N,H",0.00795634,0.047738,0.0914979,0.504591,2.80206
hMOF-32849,6.75,5.25,0.529689,1933.4,"O,Cu,C,N,H",0.0611188,0.273452,0.580033,2.76441,7.90053
hMOF-29554,3.25,2.25,0.180232,27.8,"O,Cu,C,N,H",0.102053,0.256125,0.547753,0.947053,1.66478
hMOF-36148,12.75,11.25,0.821637,1693.0,"O,Cu,C,N,H,Br",0.0151621,0.0723645,0.153187,0.753155,3.93149
hMOF-5059721,10.25,9.25,0.732922,3866.2,"O,Cu,C,N,H",0.011032,0.066192,0.135554,0.661539,3.65755
hMOF-29109,8.25,7.25,0.554065,1129.1,"O,Cu,C,N,H,Br",0.0201716,0.107368,0.194162,0.763629,2.64088
hMOF-5060424,4.25,2.75,0.231749,75.9,"O,Cu,C,N,H",0.124817,0.506253,0.751451,1.94991,2.81311
hMOF-5078959,8.75,7.25,0.733932,3411.6,"O,Cu,C,N,H",0.0204933,0.104584,0.209398,1.0992,7.19933
hMOF-36291,6.75,5.25,0.626531,1408.6,"O,Cu,C,N,H",0.535503,2.08112,3.51629,6.49188,8.09104
hMOF-5080703,6.25,4.25,0.68279,2989.0,"O,Cu,C,N,H",0.0409374,0.213645,0.420184,2.0181,8.22302
hMOF-5079157,18.75,17.25,0.887101,2789.4,"O,Cu,C,N,H,Br",0.00749381,0.0372474,0.080747,0.383781,2.04643
hMOF-5083037,9.25,6.25,0.757928,3343.5,"O,Cu,C,N,H,F",0.0552468,0.279478,0.625885,2.83783,11.4001
hMOF-5063532,9.25,7.75,0.690421,2128.4,"O,Cu,C,N,H,Br",0.0117793,0.0618412,0.138406,0.648449,3.11415
hMOF-35460,9.25,8.25,0.612499,1722.1,"O,Cu,C,N,H",0.105059,0.440828,0.861153,3.59716,8.38704
hMOF-36726,8.25,7.25,0.739789,3126.4,"O,Cu,C,N,H",0.0230992,0.108546,0.227108,1.24756,6.14869
hMOF-37085,9.25,8.25,0.748754,2500.4,"O,Cu,C,N,H",0.330985,1.21377,1.75183,5.61103,12.7271
hMOF-5075829,4.75,3.25,0.615706,1114.3,"O,Cu,C,N,H",0.675736,2.87862,4.68017,8.01288,9.31832
hMOF-5069536,5.25,3.75,0.37687,631.2,"O,Cu,C,N,H",0.252065,1.22036,2.08683,3.38032,3.79888
hMOF-35707,14.75,13.25,0.815409,2240.0,"O,Cu,C,N,H,Br",0.0104763,0.0547991,0.107852,0.534828,2.35576
hMOF-5060676,4.25,2.25,0.194631,110.2,"O,Cu,C,N,H,Cl",0.0361813,0.231824,0.374856,0.746954,0.975078
hMOF-5062983,9.75,8.75,0.732895,2862.6,"O,Cu,C,N,H,Cl",0.0235817,0.112944,0.218317,1.18753,5.40493
hMOF-5072765,9.75,7.25,0.700576,1697.5,"O,Cu,C,N,H,Br",0.0188757,0.0971985,0.193016,0.952131,4.52851
hMOF-5072966,12.25,11.25,0.856414,5624.4,"O,Cu,C,N,H,Cl",0.00567586,0.0282019,0.0587097,0.319799,1.72794
hMOF-5061824,14.75,13.25,0.842741,2962.5,"O,Cu,C,N,H,Br",0.00594998,0.0302673,0.0613969,0.304829,1.5908
hMOF-5081750,5.25,3.75,0.759863,1414.1,"O,Cu,C,N,H,Br",0.830514,2.24535,3.11481,4.77641,6.1238
hMOF-5059997,3.75,2.25,0.145249,35.2,"O,Cu,C,N,H",0.0295379,0.114651,0.242867,0.658147,1.37767
hMOF-28634,4.25,2.75,0.232326,126.3,"O,Cu,C,N,H",0.0132611,0.0866312,0.152193,0.768279,1.36255
hMOF-5075258,6.25,3.75,0.549258,1751.3,"O,Cu,C,N,H",0.0925069,0.503108,0.984533,3.7326,7.64029
hMOF-5079466,6.25,3.25,0.553702,1010.6,"O,Cu,C,N,H,Cl",0.121487,0.552362,1.19194,3.31618,5.01881
hMOF-29964,15.25,13.75,0.850231,4936.5,"O,Cu,C,N,H,Cl",0.00806309,0.0372438,0.0807589,0.392276,2.01206
hMOF-33662,10.25,9.25,0.737653,2870.1,"O,Cu,C,N,H,Br",0.0104805,0.0500255,0.101024,0.528888,2.90904
hMOF-30838,7.25,5.25,0.710877,3991.5,"O,Cu,C,N,H",0.0436817,0.223077,0.472662,2.2246,7.74233
hMOF-5071113,7.75,5.75,0.625485,1543.9,"O,Cu,C,N,H,Br",0.0483632,0.210581,0.413203,1.43477,3.58653
hMOF-5080518,5.75,4.25,0.50542,1550.3,"O,Cu,C,N,H",0.0273034,0.138429,0.29106,1.32501,4.76381
hMOF-5080954,9.75,8.25,0.799537,3721.6,"O,Cu,C,N,H",0.0691043,0.314785,0.617173,2.93539,10.8645
hMOF-30825,10.25,9.75,0.753004,3109.0,"O,Cu,C,N,H,Br",0.0104516,0.0422245,0.104377,0.493316,2.31217
hMOF-29644,5.25,3.25,0.488447,833.7,"O,Cu,C,N,H",0.234727,1.10086,1.93473,4.68851,6.88365
hMOF-5060668,8.75,8.25,0.777848,3417.9,"O,Cu,C,N,H,F",0.0263217,0.142164,0.303434,1.49953,9.75318
hMOF-5074373,5.25,4.25,0.564649,1104.2,"O,Cu,C,N,H,Br",0.160398,0.738673,1.37544,3.21737,4.60951
hMOF-5068056,14.25,12.75,0.828828,4566.4,"O,Cu,C,N,H",0.0240802,0.12897,0.230498,1.10346,4.78232
hMOF-29309,5.75,5.25,0.316159,292.0,"O,Cu,C,N,H,Br",0.0663786,0.287059,0.432737,0.94691,1.52559
hMOF-5077958,3.25,2.25,0.111494,13.3,"O,Cu,C,N,H",0.00150422,0.00487955,0.0162529,0.0979212,0.309906
hMOF-5062677,16.25,14.75,0.875722,5669.5,"O,Cu,C,N",0.00334415,0.0229313,0.0480125,0.214742,1.18885
hMOF-28956,13.25,11.75,0.818775,4170.0,"O,Cu,C,N,H",0.0248041,0.127403,0.252677,1.18722,4.55582
hMOF-5080741,6.75,5.75,0.506561,1217.4,"O,Cu,C,N,H,F",0.168141,0.559157,0.863754,3.16742,6.44814
hMOF-32562,5.25,4.25,0.472616,1228.7,"O,Cu,C,N,H",0.0344462,0.183027,0.38482,1.67218,4.39831
hMOF-35670,12.75,11.75,0.802524,4166.8,"O,Cu,C,N,H",0.00923762,0.0486699,0.104923,0.48918,2.4459
hMOF-5066216,12.75,11.75,0.834182,5939.0,"O,Cu,C,N,H",0.00493407,0.0280345,0.0531534,0.233247,1.36674
hMOF-2000528,10.25,9.25,0.674671,1863.4,"O,Cu,C,H",0.270137,0.58421,0.873467,2.36656,7.75417
hMOF-5081010,9.25,7.75,0.78211,1763.6,"O,Cu,C,N,H,Br",0.128471,0.506314,1.01527,3.33867,7.7035
hMOF-5074340,13.75,12.25,0.790788,4141.2,"O,Cu,C,N,H",0.0157967,0.0930032,0.166359,0.781444,3.67313
hMOF-5067330,8.25,6.75,0.651238,3116.1,"O,Cu,C,N,H",0.0202593,0.076117,0.177124,0.904432,4.93212
hMOF-5063759,6.25,4.75,0.66794,2504.2,"O,Cu,C,N,H,Cl",0.0581872,0.304481,0.617828,3.12195,8.57831
hMOF-35521,10.75,10.25,0.760579,3296.4,"O,Cu,C,N,H",0.0519392,0.272443,0.544174,2.22982,7.83657
hMOF-36952,6.75,5.75,0.743992,1366.8,"O,Cu,C,N,H,Cl",0.360823,1.45292,2.51421,5.34362,6.96172
hMOF-5077169,8.25,7.25,0.658603,1649.1,"O,Cu,C,N,H",0.216639,0.971171,1.43487,4.0397,8.10378
hMOF-5073844,6.75,4.75,0.720958,3625.6,"O,Cu,C,N,H",0.0400986,0.223205,0.449439,2.35632,10.3699
hMOF-5081340,7.75,5.75,0.765234,2638.4,"O,Cu,C,N,H",0.116963,0.512014,1.01742,4.8736,12.1964
hMOF-5067423,8.25,6.75,0.502148,957.8,"O,Cu,C,N,H,Br",0.0102779,0.0627492,0.109541,0.607838,2.64025
hMOF-5083075,8.75,5.75,0.790472,2360.9,"O,Cu,C,N,H,Br",0.0183876,0.0962071,0.198262,0.967518,4.87508
hMOF-5060491,6.75,5.75,0.619399,1318.3,"O,Cu,C,N,H,Br",0.0813897,0.384468,0.709349,2.23056,4.47697
hMOF-30098,6.25,4.75,0.68911,2928.0,"O,Cu,C,N,H,Cl",0.0443145,0.205591,0.456418,2.3653,8.56734
hMOF-5070466,6.75,5.75,0.621288,1876.8,"O,Cu,C,N,H",0.101508,0.509232,1.00324,3.95078,7.67175
hMOF-5079667,6.75,5.75,0.647765,2281.7,"O,Cu,C,N,H",0.0979564,0.473998,0.842639,3.55466,8.16897
hMOF-5075000,4.75,4.25,0.510596,1468.2,"O,Cu,C,N,H",0.102794,0.54846,1.02326,3.40856,6.26866
hMOF-5064365,5.25,4.25,0.333128,416.8,"O,Cu,C,N,H",0.419014,1.1369,1.4068,2.02688,2.84778
hMOF-29298,6.75,4.25,0.661296,2363.7,"O,Cu,C,N,H,Br",0.0378521,0.184186,0.333362,1.7417,5.81369
hMOF-34305,14.75,14.25,0.819421,4279.2,"O,Cu,C,N,H",0.0132046,0.0804921,0.177982,0.821637,4.17421
hMOF-5063463,4.75,3.25,0.260753,358.9,"O,Cu,C,N",0.00797812,0.0432221,0.0729428,0.36147,1.28009
hMOF-5063085,10.25,9.25,0.817226,4470.0,"O,Cu,C,N,H",0.0292533,0.151786,0.298052,1.40499,6.76316
hMOF-33785,5.75,4.75,0.601814,1894.5,"O,Cu,C,N,H",0.10712,0.588491,1.06317,4.47074,8.47579
hMOF-5077343,11.75,10.75,0.83129,4124.7,"O,Cu,C,N,H",0.0323091,0.16993,0.309676,1.64106,7.64329
hMOF-27620,6.25,4.25,0.614165,1692.5,"O,Cu,C,N,H",0.125538,0.535989,1.01784,3.71608,7.56773
hMOF-5065823,5.25,4.25,0.391661,1066.8,"O,Cu,C,N,H",0.0186956,0.0966452,0.189273,0.830716,2.68637
hMOF-33645,12.25,11.25,0.800619,4286.7,"O,Cu,C,N,H,Cl",0.00966484,0.04741,0.104615,0.489772,2.61891
hMOF-5063843,8.25,6.75,0.573862,1711.1,"O,Cu,C,N,H,Cl",0.0455087,0.249879,0.41935,1.6975,5.27733
hMOF-5074974,4.25,2.75,0.316841,325.7,"O,Cu,C,N,H,Br",0.0265785,0.10324,0.243689,0.811892,1.65786
hMOF-29015,5.75,4.75,0.448016,815.5,"O,Cu,C,N,H,Cl",0.257611,1.07307,1.86561,3.61241,4.80254
hMOF-5075410,13.75,12.25,0.812472,5054.2,"O,Cu,C,N,H",0.0303531,0.134548,0.268204,1.30557,4.84999
hMOF-5061111,15.75,14.75,0.862027,5113.8,"O,Cu,C,N,H",0.00681105,0.0360013,0.0761378,0.392973,1.94054
hMOF-5064440,12.75,11.75,0.839457,4818.1,"O,Cu,C,N,H",0.0223894,0.0955547,0.187378,0.919964,4.36886
hMOF-5077427,4.75,3.25,0.51908,1397.0,"O,Cu,C,N,H",0.0607609,0.331595,0.598849,2.53679,6.2792
hMOF-5080583,7.75,7.25,0.643343,1652.9,"O,Cu,C,N,H",0.026902,0.135586,0.321357,1.75665,8.13654
hMOF-5073470,5.25,3.25,0.441782,862.2,"O,Cu,C,N,H",0.183426,0.784691,1.54546,3.85848,5.84164
hMOF-5080908,18.25,17.25,0.889507,4869.4,"O,Cu,C,N,H",0.00647806,0.0430703,0.0780868,0.419673,2.0651
hMOF-5076679,11.25,10.25,0.70882,3481.3,"O,Cu,C,N,H",0.0215418,0.111123,0.217419,1.10899,4.37111
hMOF-32717,7.75,6.75,0.600396,2315.3,"O,Cu,C,N,H",0.0206086,0.0973067,0.191002,0.869386,4.35925
hMOF-30213,7.25,5.75,0.64831,2632.0,"O,Cu,C,N,H,Cl",0.0447374,0.216787,0.446762,1.89767,7.14369
hMOF-33956,4.75,3.75,0.447296,648.9,"O,Cu,C,N,H",0.621983,2.11773,2.63605,3.68626,4.4664
hMOF-33349,6.75,4.25,0.595908,1567.9,"O,Cu,C,N,H",0.180915,0.86809,1.59327,5.17569,7.79888
hMOF-5063150,9.75,8.25,0.808869,5003.3,"O,Cu,C,N,H",0.0195379,0.0951345,0.192824,0.954051,4.81925
hMOF-5083234,9.25,7.25,0.750386,3131.1,"O,Cu,C,N,H",0.0751515,0.352494,0.730965,3.02907,10.236
hMOF-32105,6.75,5.75,0.534214,1573.8,"O,Cu,C,N,H",0.041084,0.173959,0.411765,1.77327,5.47213
hMOF-5080396,8.75,7.25,0.714863,3006.6,"O,Cu,C,N,H",0.0231422,0.110923,0.253234,1.24409,7.4224
hMOF-5078226,5.75,4.75,0.638127,2947.8,"O,Cu,C,N,H",0.0337268,0.169403,0.342718,1.54643,7.16905
hMOF-5069649,4.75,3.25,0.282479,347.3,"O,Cu,C,N,H",0.10374,0.508445,0.859315,1.89876,2.83721
hMOF-5059519,6.25,5.25,0.608539,1625.3,"O,Cu,C,N,H,Br",0.03149,0.158561,0.344802,1.617,5.1886
hMOF-4000338,10.75,4.25,0.751201,1682.7,"O,Cu,C,Cl,H",0.648219,2.22525,3.19488,5.71723,7.28593
hMOF-5073487,6.25,5.75,0.509022,1752.3,"O,Cu,C,N,H",0.0168297,0.0871951,0.172794,0.888926,3.78929
hMOF-5075028,11.25,9.75,0.779756,4082.3,"O,Cu,C,N,H",0.0189694,0.0786785,0.162068,0.908877,4.53942
hMOF-36728,7.75,6.75,0.690971,2202.1,"O,Cu,C,N,H,F",0.0704015,0.311519,0.649779,2.99206,9.10778
hMOF-34445,4.75,3.75,0.543053,776.2,"O,Cu,C,N,H,Br",0.201687,0.785703,1.37829,2.75372,3.83691
hMOF-5079428,8.25,7.25,0.737065,2822.3,"O,Cu,C,N,H",0.021752,0.0956849,0.218827,1.10567,7.03302
hMOF-31551,8.25,7.25,0.643098,2856.2,"O,Cu,C,N,H",0.0144183,0.0705935,0.158976,0.738704,3.94238
hMOF-36205,16.25,14.75,0.854203,4348.2,"O,Cu,C,N,H,F",0.0150106,0.068987,0.139413,0.67486,3.46313
hMOF-32863,4.25,3.25,0.259889,170.8,"O,Cu,C,N,H",0.311275,1.06102,1.44597,2.1424,3.08399
hMOF-30929,10.25,8.75,0.73596,2715.4,"O,Cu,C,N,H",0.400032,1.19798,2.2165,5.08849,10.6075
hMOF-3002057,12.25,11.25,0.772546,4412.1,"O,Cu,N,C,H,Cl",0.00462732,0.0229163,0.0404707,0.212416,1.19884
hMOF-5072497,7.25,6.25,0.630174,2003.4,"O,Cu,C,N,H",0.227033,1.01703,1.73737,4.85725,9.26128
hMOF-5075129,5.75,3.75,0.446318,1229.4,"O,Cu,C,N,H",0.0564624,0.287316,0.515575,1.80927,4.3851
hMOF-2000682,20.75,18.75,0.878054,5138.7,"O,Cu,C,H,N",0.00697726,0.0366996,0.0703639,0.356313,1.8267
hMOF-5077561,15.75,14.25,0.870736,4345.4,"O,Cu,C,N,H,Cl",0.00693495,0.0318574,0.0603557,0.315973,1.71206
hMOF-5081204,13.75,11.75,0.837541,3850.7,"O,Cu,C,N,H",0.0142005,0.06874,0.149886,0.696763,3.44792
hMOF-5059393,12.75,11.75,0.854009,5434.4,"O,Cu,C,N,H,Br",0.00549595,0.025831,0.0578906,0.3162,1.61398
hMOF-5064237,6.75,5.25,0.726706,4386.7,"O,Cu,C,N,H",0.0255717,0.127193,0.234803,1.21641,7.35922
hMOF-36332,3.75,3.25,0.405403,331.0,"O,Cu,C,N,H",2.03605,3.18182,3.49481,3.75093,3.88591
hMOF-5070796,4.75,2.75,0.396842,779.1,"O,Cu,C,N,H",0.0260135,0.117958,0.223133,1.17442,3.64504
hMOF-5068995,4.75,2.75,0.360597,518.8,"O,Cu,C,N,H",0.0594014,0.314409,0.580424,1.97771,4.15662
hMOF-5072053,4.25,2.75,0.369976,586.8,"O,Cu,C,N,H",0.0804859,0.383839,0.790721,2.47191,4.32965
hMOF-35937,6.25,5.75,0.715762,1864.5,"O,Cu,C,N,H",0.216081,1.15048,1.99832,6.10609,9.1654
hMOF-5063602,6.75,5.75,0.580903,1897.0,"O,Cu,C,N,H",0.0562269,0.310492,0.603402,2.13911,5.59117
hMOF-5067542,10.25,9.25,0.726992,3743.7,"O,Cu,C,N,H",0.0570332,0.249993,0.553657,2.21743,8.38402
hMOF-37639,7.25,3.75,0.536518,1710.7,"O,Cu,C,N,H,F",0.101329,0.475489,0.959355,3.25171,7.51723
hMOF-5061404,3.75,2.75,0.212051,11.0,"O,Cu,C,N",0.000701373,0.00850415,0.00718907,0.0545317,0.293875
hMOF-5079660,20.25,19.25,0.827542,1452.4,"O,Cu,C,N,H,Br",0.019778,0.101729,0.173767,0.801126,3.80157
hMOF-5074473,7.25,6.25,0.586494,2402.3,"O,Cu,C,N,H",0.0387465,0.195585,0.420963,1.772,5.75054
hMOF-5064101,14.25,13.25,0.851905,5995.7,"O,Cu,C,N,H,F",0.00730646,0.0363541,0.0817967,0.380827,1.95724
hMOF-34345,7.25,4.75,0.515169,1359.0,"O,Cu,C,N,H",0.0627422,0.319985,0.574483,2.29381,4.72762
hMOF-5062317,5.25,3.25,0.323527,473.9,"O,Cu,C,N,H",0.0236724,0.129187,0.24172,1.02231,2.82903
hMOF-5063077,5.25,4.25,0.586562,1166.2,"O,Cu,C,N,H,Br",0.127445,0.59687,1.13663,3.64796,5.60482
hMOF-5082789,7.75,5.75,0.731833,1930.3,"O,Cu,C,N,H,Cl",0.0689346,0.358061,0.669582,3.6215,8.38818
hMOF-5066384,6.75,4.25,0.480274,1236.9,"O,Cu,C,N,H",0.061141,0.319891,0.649573,2.64684,5.21117
hMOF-5061106,14.75,13.75,0.846549,5123.6,"O,Cu,C,N,H",0.00790154,0.0366027,0.0772724,0.411229,2.02431
hMOF-5075232,3.75,2.25,0.137668,9.5,"O,Cu,C,N,H,Br",0.00269247,0.0157061,0.0282301,0.317752,0.716401
hMOF-5075478,3.75,3.25,0.295406,55.1,"O,Cu,C,N,H,Br",1.24485,1.26303,1.28418,1.28418,1.28418
hMOF-5061825,6.25,4.75,0.654597,1780.5,"O,Cu,C,N,H,Br",0.0296205,0.151293,0.315608,1.55782,5.23292
hMOF-5075087,5.75,4.25,0.653047,1880.6,"O,Cu,C,N,H,Br",0.0258629,0.129949,0.257836,1.21513,5.14894
hMOF-5078938,12.75,11.75,0.870047,5571.3,"O,Cu,C,N,H",0.0137841,0.0794373,0.147235,0.809689,3.87609
hMOF-5078314,6.75,4.75,0.724361,2870.3,"O,Cu,C,N,H,Cl",0.0814605,0.390157,0.773965,3.75616,9.83694
hMOF-5079423,6.25,5.25,0.713332,2447.4,"O,Cu,C,N,H",0.119577,0.650579,1.20037,4.93137,9.84579
hMOF-5072833,10.75,9.25,0.816052,5375.9,"O,Cu,C,N,H",0.0079061,0.028462,0.0560204,0.342673,1.92977
hMOF-33812,5.75,4.75,0.607824,1743.4,"O,Cu,C,N,H",0.155656,0.734966,1.4346,5.41641,8.41775
hMOF-37291,11.75,10.75,0.815864,4520.2,"O,Cu,C,N,H,Cl",0.0116108,0.053532,0.118308,0.612685,3.137
hMOF-5079012,16.75,15.25,0.888603,4717.6,"O,Cu,C,N,H,F",0.00997895,0.0475412,0.0997895,0.45649,2.4696
hMOF-5073624,7.25,4.25,0.629261,2599.5,"O,Cu,C,N,H",0.0408216,0.195268,0.454213,2.01679,7.32109
hMOF-5068589,6.25,3.25,0.419503,531.6,"O,Cu,C,N,H",1.08502,2.29181,2.82723,3.53273,3.8842
hMOF-5081335,7.75,6.25,0.763458,1437.8,"O,Cu,C,N,H,Br",0.0789615,0.360807,0.641534,2.31387,5.73567
hMOF-30897,6.25,4.75,0.58187,2334.2,"O,Cu,C,N,H,F",0.0592725,0.316326,0.641912,3.2641,7.16065
hMOF-2000677,21.75,18.75,0.882434,5002.1,"O,Cu,C,H",0.00659334,0.0323425,0.0656603,0.336573,1.76655
hMOF-5064914,3.25,2.75,0.193866,62.3,"O,Cu,C,N,H",0.00761549,0.0517735,0.0769223,0.331953,1.42073
hMOF-5065260,6.75,4.75,0.620459,1561.7,"O,Cu,C,N,H,Cl",0.385008,1.22927,1.76069,3.89893,6.22567
hMOF-4000275,9.25,5.75,0.735705,2154.6,"O,Cu,C,Cl,H",0.0436227,0.195369,0.362331,1.39862,5.87464
hMOF-5065380,5.25,4.75,0.469205,826.0,"O,Cu,C,N,H,Cl",0.291101,1.12148,1.78332,3.12354,4.0381
hMOF-5074251,7.25,5.25,0.538026,1467.8,"O,Cu,C,N,H",0.103708,0.517753,0.857699,3.11327,7.11892
hMOF-35949,6.75,6.25,0.623429,1888.8,"O,Cu,C,N,H",0.0503398,0.23797,0.436109,2.31784,6.33129
hMOF-36826,10.75,9.75,0.785092,3592.4,"O,Cu,C,N,H,F",0.0274654,0.155944,0.339697,1.74836,8.22823
hMOF-5067126,9.25,8.25,0.63974,1534.9,"O,Cu,C,N,H",0.0492484,0.274994,0.479778,2.23946,6.66764
hMOF-5058856,7.75,6.75,0.687037,2773.5,"O,Cu,C,N,H",0.0176244,0.0969342,0.211052,0.890032,4.83063
hMOF-5073207,4.75,2.75,0.340679,375.9,"O,Cu,C,N,H,Br",0.111177,0.409997,0.676564,1.50943,2.56099
hMOF-5069023,10.25,8.75,0.770537,5456.3,"O,Cu,C,N,H",0.012414,0.0486091,0.11038,0.539337,2.55923
hMOF-5064622,6.75,5.75,0.607523,2361.1,"O,Cu,C,N,H",0.0155847,0.0899311,0.185227,0.883216,3.45749
hMOF-5074980,4.25,2.75,0.39209,720.7,"O,Cu,C,N,H",0.0312731,0.18058,0.404491,1.621,3.95207
hMOF-28988,10.25,7.75,0.718046,3474.0,"O,Cu,C,N,H",0.0351354,0.164377,0.358571,1.70483,6.68038
hMOF-5064592,5.75,4.75,0.553991,2271.4,"O,Cu,C,N,H",0.00904958,0.0517837,0.0935123,0.485661,2.34811
hMOF-32861,5.25,4.25,0.404115,424.1,"O,Cu,C,N,H",0.587696,1.52749,1.76997,2.74674,3.25189
hMOF-28347,5.75,3.75,0.666986,2958.5,"O,Cu,C,N,H",0.100215,0.541722,0.962596,5.30847,12.1143
hMOF-5076852,7.75,6.75,0.661543,2570.0,"O,Cu,C,N,H",0.0216367,0.0922699,0.176723,1.03591,4.87997
hMOF-5061282,5.75,4.25,0.540946,1871.8,"O,Cu,C,N",0.0243289,0.140187,0.257097,1.20684,4.12789
hMOF-5068824,5.75,4.25,0.519057,1748.1,"O,Cu,C,N,H",0.050052,0.224452,0.504207,2.22463,6.09763
hMOF-3001564,10.75,7.75,0.807483,4477.4,"O,Cu,N,C,H,Cl",0.00850433,0.0440841,0.083637,0.380552,1.89171
hMOF-5075837,5.25,4.25,0.331578,536.0,"O,Cu,C,N,H",0.248236,0.790983,1.15787,2.11561,2.92087
hMOF-5061553,6.25,5.25,0.725107,4430.4,"O,Cu,C,N,H",0.0230915,0.105548,0.245461,1.28094,7.2211
hMOF-5080238,14.25,12.25,0.868427,4617.5,"O,Cu,C,N,H",0.00953546,0.0481601,0.101993,0.459875,2.33848
hMOF-5073868,6.25,3.25,0.542392,1317.3,"O,Cu,C,N,H",0.199001,0.892157,1.48002,3.79718,6.17637
hMOF-5081562,16.25,14.25,0.89685,3509.2,"O,Cu,C,N,H,Br",0.00832654,0.037615,0.0707465,0.370036,1.85321
hMOF-32996,10.75,9.75,0.683688,2553.1,"O,Cu,C,N,H,Cl",0.0140661,0.0515758,0.111808,0.601057,3.06822
hMOF-5073982,5.75,4.75,0.669543,2312.7,"O,Cu,C,N,H",0.0620064,0.327591,0.697435,3.01307,7.2681
hMOF-34332,10.75,9.25,0.63394,2105.9,"O,Cu,C,N,H",0.107297,0.511798,0.822254,2.98363,6.96534
hMOF-5083350,12.75,9.75,0.898511,4322.9,"O,Cu,C,N,H,Cl",0.0152988,0.0730023,0.153585,0.681186,4.04232
hMOF-35423,4.25,3.25,0.548101,1108.6,"O,Cu,C,N,H,F",1.20077,3.00199,3.77815,5.46028,6.57709
hMOF-5061104,12.75,11.25,0.757396,3753.7,"O,Cu,C,N,H",0.0236424,0.126275,0.267503,1.15707,5.44049
hMOF-27730,7.25,5.75,0.605064,1795.7,"O,Cu,C,N,H,F",0.100362,0.600443,1.11338,4.56156,7.77582
hMOF-5073133,12.25,10.25,0.823245,6043.4,"O,Cu,C,N,H",0.00838901,0.0330984,0.0758061,0.386809,1.97996
hMOF-5072164,4.25,2.75,0.224506,86.9,"O,Cu,C,N,H,Br",0.0196982,0.123072,0.185702,0.59959,1.17746
hMOF-5082064,12.25,7.75,0.885283,4864.5,"O,Cu,C,N,H",0.0416966,0.233287,0.407007,1.9455,9.08156
hMOF-5066480,4.25,3.75,0.337662,674.1,"O,Cu,C,N,H",0.020201,0.102166,0.232427,0.893486,2.58526
hMOF-5064415,5.75,4.25,0.631075,1716.9,"O,Cu,C,N,H,Br",0.041979,0.202474,0.398027,1.79631,5.43524
hMOF-5059130,4.25,3.25,0.283921,229.8,"O,Cu,C,N",0.00877777,0.0545685,0.105918,0.500333,1.49281
hMOF-5062731,10.25,8.75,0.769725,2261.0,"O,Cu,C,N,H,Br",0.0125731,0.0671224,0.124939,0.655879,2.99398
hMOF-36759,4.25,3.25,0.240404,107.5,"O,Cu,C,N,H",0.171808,0.512205,0.667528,1.35325,1.78145
hMOF-5075302,9.75,8.75,0.753278,3914.9,"O,Cu,C,N,H",0.0138196,0.0736623,0.151255,0.719887,3.88749
hMOF-5071295,8.25,3.25,0.677122,3043.2,"O,Cu,C,N,H,F",0.100913,0.510803,0.934838,4.01107,11.3041
hMOF-5080134,13.75,12.75,0.891615,5502.9,"O,Cu,C,N,H",0.00866069,0.0525054,0.110018,0.566734,2.92528
hMOF-35991,6.25,5.25,0.596319,1224.0,"O,Cu,C,N,H",0.473681,2.12182,3.22221,5.86983,7.24376
hMOF-28806,12.25,10.75,0.821992,5907.5,"O,Cu,C,N,H",0.0116611,0.0521239,0.11324,0.518008,2.68529
hMOF-5070660,12.25,11.25,0.792203,4233.8,"O,Cu,C,N,H,Cl",0.00642824,0.0295297,0.0626753,0.292485,1.5944
hMOF-5063726,10.75,9.75,0.756156,3873.8,"O,Cu,C,N,H",0.0139813,0.0726253,0.135282,0.67693,3.06347
hMOF-30864,5.75,3.75,0.543845,1724.3,"O,Cu,C,N,H",0.0345204,0.185753,0.312328,1.6689,5.21094
hMOF-5066431,5.75,4.25,0.3925,855.0,"O,Cu,C,N,H,F",0.0483469,0.208976,0.440996,1.48204,3.35266
hMOF-28364,8.25,7.25,0.716846,2625.7,"O,Cu,C,N,H",0.071278,0.295848,0.563624,2.43683,9.17629
hMOF-5074116,13.25,12.25,0.813826,4347.2,"O,Cu,C,N,H",0.00955839,0.0455946,0.0970121,0.465504,2.36081
hMOF-5065857,6.25,5.25,0.733172,5254.5,"O,Cu,C,N,H",0.0124925,0.0765014,0.147411,0.685419,3.63697
hMOF-30584,4.75,2.75,0.320053,203.5,"O,Cu,C,N,H",0.105848,0.480212,0.697104,1.71036,2.73887
hMOF-5067299,3.75,2.25,0.279712,130.1,"O,Cu,C,N,H",0.00747773,0.0382627,0.0869165,0.311734,1.18556
hMOF-34877,5.75,4.75,0.480443,921.9,"O,Cu,C,N,H",0.368737,1.33409,1.8237,3.47174,4.51091
hMOF-5083105,7.75,4.75,0.811957,3407.5,"O,Cu,C,N,H",0.133797,0.68854,1.31883,6.22372,13.8392
hMOF-5074842,5.75,3.75,0.573779,1329.4,"O,Cu,C,N,H,Cl",0.212201,0.978185,1.5627,3.86928,6.73107
hMOF-5060771,8.25,5.75,0.694015,2769.2,"O,Cu,C,N,H",0.0294396,0.157242,0.329723,1.63003,6.71384
hMOF-5066458,5.75,5.25,0.425308,641.6,"O,Cu,C,N,H",0.222181,0.855059,1.3485,2.66161,3.60159
hMOF-5071601,5.25,4.25,0.452907,695.2,"O,Cu,C,N,H,Cl",0.215187,1.04055,1.68074,3.5187,5.00657
hMOF-36468,12.75,11.25,0.79063,4040.4,"O,Cu,C,N,H",0.0103017,0.0449958,0.0969778,0.482994,2.43297
hMOF-5072027,5.75,3.75,0.466762,1270.3,"O,Cu,C,N,H",0.025231,0.125745,0.251079,1.14319,3.56372
hMOF-35338,9.75,8.75,0.766993,3132.1,"O,Cu,C,N,H",0.0274715,0.137526,0.264771,1.63329,8.6675
hMOF-27762,7.25,6.25,0.616345,1762.4,"O,Cu,C,N,H",0.0842533,0.414982,0.824072,3.27351,6.49438
hMOF-36498,6.25,4.75,0.669408,2634.2,"O,Cu,C,N,H,F",0.0844417,0.468182,0.970873,4.51518,10.9702
hMOF-5070899,10.25,9.25,0.746357,4372.5,"O,Cu,C,N,H",0.00617378,0.0283994,0.0598857,0.306631,1.61094
hMOF-36674,5.25,4.25,0.582086,1732.1,"O,Cu,C,N,H,F",0.0966128,0.450992,1.07284,4.42776,7.78169
hMOF-5080586,14.75,13.75,0.824002,3927.4,"O,Cu,C,N,H",0.026872,0.125615,0.251945,1.13482,5.4985
hMOF-5069187,11.25,9.75,0.677211,3486.8,"O,Cu,C,N,H,F",0.019778,0.139467,0.251499,1.12888,5.82735
hMOF-33951,4.25,3.25,0.407766,406.2,"O,Cu,C,N,H",0.209197,0.901716,1.48517,2.72247,3.67198
hMOF-3001783,9.25,7.25,0.774952,5524.8,"O,Cu,N,C,H",0.00536568,0.0268284,0.0517933,0.282678,1.42566
hMOF-31438,6.75,5.75,0.618,2202.2,"O,Cu,C,N,H",0.0112788,0.0650697,0.143732,0.685112,3.6092
hMOF-33672,5.25,4.25,0.635851,2287.3,"O,Cu,C,N,H",0.181794,0.903361,1.67006,5.60934,9.52914
hMOF-5060869,5.25,3.75,0.399578,698.9,"O,Cu,C,N,H",0.557884,2.09742,2.53876,3.93168,4.85306
hMOF-5077744,12.75,11.75,0.838075,4620.0,"O,Cu,C,N,H,Cl",0.0047532,0.032853,0.070599,0.386827,2.05842
hMOF-5066746,3.75,2.25,0.178537,30.7,"O,Cu,C,N,H",1.19672,1.47573,1.62482,1.68968,1.68884
hMOF-5068868,9.25,8.25,0.767787,4584.7,"O,Cu,C,N,H",0.00738062,0.0497221,0.0932289,0.465756,2.97109
hMOF-5079104,14.75,13.25,0.87564,5128.8,"O,Cu,C,N,H",0.0119787,0.0627721,0.122758,0.658457,3.03228
hMOF-5081644,8.75,6.75,0.711051,3511.0,"O,Cu,C,N,H,F",0.0534325,0.241878,0.488636,2.2386,9.55128
hMOF-36711,4.25,3.75,0.604085,1195.4,"O,Cu,C,N,H",0.397526,1.57269,2.54705,4.89453,6.13829
hMOF-5079067,7.75,5.75,0.627521,1461.1,"O,Cu,C,N,H",0.46761,1.78429,2.75578,6.06538,8.86499
hMOF-5059129,10.75,9.75,0.752851,3671.0,"O,Cu,C,N",0.00409629,0.0245778,0.0646629,0.288789,1.54459
hMOF-5077543,14.25,13.25,0.8649,5438.4,"O,Cu,C,N,H,F",0.00576329,0.0294945,0.0576329,0.287656,1.73
hMOF-5065836,4.25,2.75,0.295625,512.1,"O,Cu,C,N",0.016243,0.0787071,0.149113,0.763363,2.2702
hMOF-5079152,7.25,5.25,0.762628,2855.4,"O,Cu,C,N,H,Cl",0.0727092,0.339769,0.704462,3.21924,9.78379
hMOF-36777,7.25,6.75,0.653551,2287.7,"O,Cu,C,N,H,F",0.027026,0.14872,0.280298,1.46512,7.09008
hMOF-32860,4.75,3.75,0.370664,228.4,"O,Cu,C,N,H",1.24201,1.51663,1.65434,1.80207,2.23585
hMOF-5068570,6.25,5.25,0.540541,707.5,"O,Cu,C,N,H,Br",0.277109,0.731678,1.0787,1.96998,3.11427
hMOF-5060123,5.75,4.25,0.469484,833.5,"O,Cu,C,N,H",0.351119,1.51342,2.21178,3.88474,5.1402
hMOF-5080577,7.75,6.25,0.625292,2102.3,"O,Cu,C,N,H",0.0170395,0.0896471,0.175821,0.944334,4.74945
hMOF-5070952,6.25,5.25,0.31493,411.3,"O,Cu,C,N,H",0.134591,0.537925,0.832527,1.94967,3.07812
hMOF-5068723,10.75,9.25,0.732207,1799.6,"O,Cu,C,N,H,Br",0.0113472,0.0602048,0.122409,0.615277,3.06957
hMOF-5070876,8.75,7.75,0.691029,3757.9,"O,Cu,C,N,H",0.0153257,0.0810323,0.171225,0.846787,4.67133
hMOF-5077966,6.75,5.75,0.701855,3591.5,"O,Cu,C,N,H,F",0.029397,0.156577,0.283419,1.60956,9.8264
hMOF-5060146,4.75,3.25,0.461235,861.7,"O,Cu,C,N",0.0144048,0.0709162,0.134353,0.695172,2.66559
hMOF-5077260,5.25,3.75,0.32627,276.7,"O,Cu,C,N,H,Br",0.124643,0.430811,0.718322,1.17587,1.74305
hMOF-34318,7.25,5.25,0.726878,2223.2,"O,Cu,C,N,H,Br",0.0272082,0.139719,0.275271,1.36432,6.09924
hMOF-5082012,12.75,11.25,0.884469,5167.8,"O,Cu,C,N,H",0.0138612,0.0703153,0.137338,0.653258,3.54136
hMOF-5079285,5.25,4.25,0.581586,1468.1,"O,Cu,C,N,H",0.286986,1.15252,2.09513,4.8634,6.89628
hMOF-5063900,7.25,5.25,0.512442,1525.0,"O,Cu,C,N,H",0.0590435,0.343815,0.583168,2.10467,5.33511
hMOF-36783,7.25,6.25,0.639833,2060.2,"O,Cu,C,N,H,Cl",0.0464762,0.210096,0.454792,2.23672,6.65225
hMOF-5061915,11.25,10.25,0.8136,4361.6,"O,Cu,C,N,H",0.0196456,0.0975385,0.205991,1.04386,4.90691
hMOF-5061810,13.25,12.25,0.837741,4264.6,"O,Cu,C,N,H,Cl",0.00857523,0.0458536,0.0840848,0.415779,2.0658
hMOF-32071,6.75,5.75,0.500454,999.5,"O,Cu,C,N,H,Cl",0.14154,0.673879,1.16122,3.1179,4.62672
hMOF-5069198,5.75,4.75,0.394526,429.5,"O,Cu,C,N,H,Br",0.0306584,0.152756,0.267591,1.01447,2.03649
hMOF-3001692,17.25,15.25,0.832841,4085.1,"O,Cu,N,C,H",0.00631752,0.0314897,0.0638608,0.30804,1.39715
hMOF-1002629,3.75,2.75,0.230304,77.3,"V,O,C,H",1.05613,1.57001,1.58166,1.74995,1.74951
hMOF-1002019,11.75,10.75,0.657745,1852.1,"V,O,C,N,H",0.0424901,0.238814,0.492885,1.69255,4.59762
hMOF-6002801,4.75,3.25,0.353243,312.9,"V,O,C,H,Br",0.427344,1.11822,1.51443,2.34731,3.22913
hMOF-6004501,5.25,2.75,0.451388,867.3,"V,O,C,N,H",0.969674,1.93479,2.14251,3.66472,5.28317
hMOF-1001531,4.25,2.75,0.171727,42.0,"V,O,C,H",1.18336,1.34061,1.36935,1.37705,1.36884
hMOF-6005019,5.75,3.75,0.667429,2015.2,"V,O,C,N,H,Cl",0.725052,2.06254,3.0382,5.75203,8.34193
hMOF-6000306,9.25,8.25,0.745363,2986.7,"V,O,C,H,N",0.0104132,0.0673533,0.114545,0.644953,3.52741
hMOF-1001376,7.25,6.25,0.666666,2242.0,"V,O,C,H,Cl",0.0334431,0.17115,0.379513,1.82871,7.38371
hMOF-6005062,13.25,11.25,0.780268,3458.4,"V,O,C,N,H",0.0208935,0.0921489,0.170771,0.936284,4.47315
hMOF-6002480,10.25,9.75,0.688688,2777.1,"V,O,C,N,H",0.0153234,0.103559,0.164011,0.845313,3.85813
hMOF-1002456,3.75,3.25,0.289396,190.9,"V,O,C,H,F",0.0721869,0.299461,0.654018,1.79523,2.91094
hMOF-6004219,7.25,6.25,0.702855,1577.6,"V,O,C,N,H",0.255469,1.29826,2.12712,5.91693,9.08202
hMOF-6001591,8.75,8.25,0.70562,2260.7,"V,O,C,H",0.0371395,0.233641,0.449388,2.28695,8.4786
hMOF-6001729,4.25,3.25,0.241155,195.4,"V,O,C",0.00887335,0.0399301,0.0877252,0.372882,1.05956
hMOF-6000693,8.75,7.75,0.689227,2606.9,"V,O,C,H",0.0176114,0.0680333,0.147405,0.856206,4.42602
hMOF-6003872,14.25,13.25,0.770621,2512.9,"V,O,C,H",0.0236731,0.115571,0.209277,1.25944,4.82077
hMOF-6003653,8.25,7.25,0.696351,3362.1,"V,O,C,H",0.0165176,0.0923292,0.177458,0.886868,4.34117
hMOF-1000779,4.25,2.25,0.21462,83.7,"V,O,C,H",1.48262,1.57803,1.61179,1.61301,1.61402
hMOF-6000891,11.75,10.75,0.775154,2968.7,"V,O,C,H,Br",0.00809605,0.0401037,0.0809605,0.38541,2.11571
hMOF-6002269,7.25,6.25,0.52547,1736.5,"V,O,C,H,Cl",0.0292402,0.104224,0.251322,1.15185,4.39123
hMOF-6003927,8.25,7.75,0.702102,2478.1,"V,O,C,H",0.0203621,0.0846876,0.20848,1.0697,6.80509
hMOF-6001043,6.75,5.75,0.594186,2628.1,"V,O,C,H",0.0245827,0.118175,0.241977,0.916076,4.57623
hMOF-1001319,5.75,4.75,0.40058,1100.3,"V,O,C,H",0.0218275,0.118671,0.268202,1.20879,3.82031
hMOF-6003622,4.75,3.75,0.498901,764.2,"V,O,C,H,Br",0.124014,0.603946,1.11803,2.7746,4.23061
hMOF-6002307,4.25,3.75,0.190551,270.0,"V,O,C,H,F",0.664738,1.29301,1.59029,2.1421,2.54045
hMOF-6000717,11.75,10.75,0.756466,3343.9,"V,O,C,H",0.0117003,0.0514815,0.0999208,0.523239,3.16985
hMOF-6003510,5.25,3.75,0.468747,943.5,"V,O,C,H",1.22942,2.27998,3.03152,4.81915,6.19918
hMOF-6005072,6.75,5.25,0.704121,2632.5,"V,O,C,N,H",0.0631266,0.32144,0.612104,2.95244,8.98447
hMOF-1001990,6.25,5.25,0.407316,827.1,"V,O,C,N,H,Cl",0.0389789,0.196294,0.382251,1.37147,3.21091
hMOF-6004118,10.75,10.25,0.771506,2585.6,"V,O,C,H",0.0470762,0.212214,0.402001,1.91808,8.26354
hMOF-1001769,4.25,3.25,0.283329,79.5,"V,O,C,H,Cl",0.84114,1.01545,1.1459,1.50754,1.6698
hMOF-6004312,6.25,5.75,0.688725,2297.2,"V,O,C,N,H",0.0355955,0.169466,0.370658,1.87979,6.93262
hMOF-6004766,12.25,11.25,0.704717,0.0,"V,O,C,N,H",0.0205336,0.0914548,0.189172,0.936392,4.24391
hMOF-1000808,5.75,3.25,0.454349,962.2,"V,O,C,H",0.593872,1.27152,1.62326,3.13224,5.41567
hMOF-6002470,9.75,8.75,0.682096,2238.1,"V,O,C,N,H,Cl",0.0254917,0.142781,0.255188,1.25275,5.6079
hMOF-6004160,7.75,6.75,0.676007,2799.0,"V,O,C,H",0.452552,1.59324,2.06849,3.87997,8.02639
hMOF-6002416,4.25,2.25,0.226027,225.5,"V,O,C,H",0.169921,0.525348,0.857157,1.84742,2.6037
hMOF-6003860,10.75,9.75,0.712383,2092.2,"V,O,C,H,Br",0.106136,0.430913,0.691885,1.92072,4.37427
hMOF-1000038,11.75,10.75,0.770675,1689.7,"V,O,C,H,Cl",0.0524611,0.245208,0.480772,2.81434,9.08104
hMOF-6000956,11.75,11.25,0.782556,3432.8,"V,O,C,H",0.0127077,0.0535842,0.0946724,0.479928,2.74719
hMOF-1000737,5.75,4.75,0.589874,892.0,"V,O,C,N,H",0.653298,1.95959,2.69948,3.6885,4.42096
hMOF-6003933,7.75,6.75,0.688908,1992.0,"V,O,C,H",0.0747203,0.408854,0.755825,4.04371,9.84296
hMOF-6001488,6.75,5.75,0.493893,1593.5,"V,O,C,H",0.244119,0.994262,1.08475,2.11925,4.41971
hMOF-1000730,11.75,11.25,0.77264,2456.4,"V,O,C,N,H",0.0426077,0.203417,0.435698,1.84496,6.72789
hMOF-1000976,5.25,3.75,0.509348,703.7,"V,O,C,H",0.376042,1.72261,2.55124,4.99361,6.12192
hMOF-6004909,14.75,13.75,0.826044,2892.9,"V,O,C,N,H",0.0214088,0.122074,0.215994,1.12667,5.21575
hMOF-6003587,7.75,6.75,0.687716,3284.3,"V,O,C,H",0.0109168,0.0687526,0.132395,0.672196,3.96628
hMOF-6000406,6.75,6.25,0.611201,1847.5,"V,O,C,H",0.0277102,0.126392,0.288695,1.43754,6.16155
hMOF-6000101,6.75,5.25,0.647557,3495.3,"V,O,C,H",0.0606009,0.268107,0.527772,2.00339,5.55033
hMOF-1000723,11.25,10.75,0.734792,3396.1,"V,O,C,N,H",0.172617,0.710498,1.10971,3.03752,6.81203
hMOF-6002062,7.75,7.25,0.531473,1369.4,"V,O,C,H,N",0.0238757,0.0948058,0.181943,1.00801,4.10575
hMOF-6001247,10.75,9.75,0.749873,2810.3,"V,O,C,H",0.00966494,0.066306,0.135983,0.668229,3.87204
hMOF-6005074,7.25,4.75,0.71422,2238.5,"V,O,C,N,H",0.274697,1.36494,2.1455,5.33173,8.63402
hMOF-6002227,3.75,3.25,0.282135,191.1,"V,O,C,H,Cl",0.696558,1.10628,1.53167,1.88994,2.69117
hMOF-6003586,7.75,5.25,0.670611,3446.0,"V,O,C,H",0.0219998,0.100099,0.209658,0.99021,4.87449
hMOF-6004803,10.75,9.75,0.69774,3467.0,"V,O,C,N,H",0.0691859,0.350192,0.641199,2.57414,6.18131
hMOF-1000057,11.75,10.75,0.67664,2985.7,"V,O,C,H,N",0.0852047,0.345247,0.627697,2.03901,4.81722
hMOF-6001136,4.25,3.25,0.308587,234.3,"V,O,C,H,F",0.0311084,0.171166,0.321592,1.32481,2.60094
hMOF-6004585,5.75,3.75,0.554503,882.2,"V,O,C,N,H",0.397717,1.64768,2.29806,4.14597,5.09706
hMOF-1000061,7.75,6.75,0.677551,2154.8,"V,O,C,H",0.0295651,0.132867,0.286676,1.50448,7.25172
hMOF-1001132,5.25,3.25,0.345547,830.5,"V,O,C,H",0.36103,1.35861,1.82066,3.12785,4.74215
hMOF-6002411,5.75,4.75,0.510679,1440.2,"V,O,C,H",0.0689945,0.30079,0.585256,2.4505,5.70216
hMOF-6004335,12.25,11.25,0.772286,3108.4,"V,O,C,N,H,Cl",0.0316466,0.15451,0.33365,1.43026,6.00111
hMOF-6003030,3.75,3.25,0.269611,126.5,"V,O,C,H",1.44746,1.39278,1.49405,1.5879,2.25339
hMOF-6004314,7.25,5.75,0.704068,2663.7,"V,O,C,N,H",0.0262976,0.136596,0.318832,1.46147,6.29556
hMOF-6005040,5.25,3.75,0.641531,2094.6,"V,O,C,N,H",1.14962,3.42035,4.30659,7.47664,9.95104
hMOF-6003723,5.25,2.75,0.40351,1057.3,"V,O,C,H,N",0.0116402,0.0698414,0.135232,0.645862,2.88233
hMOF-1001456,8.25,7.75,0.697095,2739.8,"V,O,C,H",0.012746,0.0799749,0.150953,0.743767,4.39737
hMOF-6003590,7.75,4.75,0.616491,2946.2,"V,O,C,H",0.0104478,0.0603881,0.130597,0.655493,3.59905
hMOF-1000569,10.75,9.25,0.746302,2939.8,"V,O,C,H",0.191903,0.745236,1.27293,3.97233,8.51583
hMOF-6001139,9.25,8.25,0.696109,3068.1,"V,O,C,H,Cl",0.0104056,0.036553,0.087247,0.450376,2.52669
hMOF-6001491,7.25,6.25,0.505004,1576.6,"V,O,C,H,N",0.135206,0.518646,0.773491,1.988,4.70258
hMOF-6004365,12.25,11.75,0.7532,3432.1,"V,O,C,N,H",0.109657,0.436603,0.82414,2.74002,6.81571
hMOF-6000936,8.75,7.25,0.723509,4340.7,"V,O,C,H,Cl",0.0423267,0.185557,0.403616,1.62599,5.14572
hMOF-1000757,13.75,13.25,0.780431,2110.3,"V,O,C,N,H",0.0248427,0.128797,0.230682,1.22365,5.26798
hMOF-1001827,4.25,2.25,0.393978,132.2,"V,O,C,H",0.271048,1.20463,1.73142,2.31163,2.77651
hMOF-1002281,8.75,7.75,0.741562,2310.2,"V,O,C,H",0.0716351,0.259821,0.640126,2.83295,9.37075
hMOF-6005042,12.25,11.25,0.737338,3420.3,"V,O,C,N,H",0.0231664,0.118264,0.233825,1.07106,4.97301
hMOF-6001984,5.75,5.25,0.448778,694.1,"V,O,C,H",0.468085,1.74609,2.43933,3.59852,4.23661
hMOF-1002341,10.25,9.25,0.748492,1835.6,"V,O,C,H,Br",0.0232154,0.10541,0.209252,0.969398,4.93609
hMOF-6000602,6.25,4.25,0.694817,2675.6,"V,O,C,H",0.741645,1.83231,2.7783,5.55529,10.1837
hMOF-1002695,4.25,2.75,0.294363,158.4,"V,O,C,H",1.35383,1.74983,1.90923,2.04083,2.48506
hMOF-6002016,6.75,5.75,0.428378,1239.1,"V,O,C,H,N",0.0313376,0.151669,0.291942,1.25798,3.52894
hMOF-6003305,12.25,11.25,0.762607,3411.7,"V,O,C,H",0.0178766,0.0777927,0.161086,0.837844,3.90771
hMOF-1003158,4.25,3.25,0.433488,383.2,"V,O,C,H",2.34073,3.06758,3.74946,4.17809,4.77486
hMOF-1000087,13.25,12.25,0.763962,2824.5,"V,O,C,H",0.0425342,0.206981,0.383377,1.90892,6.26604
hMOF-1002921,9.75,8.75,0.723014,3227.8,"V,O,C,H,F",0.1978,0.843983,1.49017,3.54018,8.11007
hMOF-6003573,6.75,5.75,0.593444,2010.1,"V,O,C,H,Br",0.0103867,0.0513796,0.100682,0.531245,2.53782
hMOF-1002950,6.75,3.75,0.66238,3034.8,"V,O,C,H",0.722332,2.73522,3.50051,6.56821,10.1635
hMOF-1002832,11.75,10.75,0.699697,2735.9,"V,O,C,H",0.0183095,0.0918052,0.184062,0.852873,3.42639
hMOF-6003204,3.75,2.75,0.123659,20.1,"V,O,C,H,N",0.0337153,0.11214,0.18012,0.696111,1.20532
hMOF-6002355,9.25,8.25,0.690701,1825.2,"V,O,C,H,Cl",0.0394534,0.220427,0.389013,1.80651,6.98877
hMOF-6002306,4.25,3.75,0.174771,246.4,"V,O,C,H,F",0.695604,1.68343,2.00465,2.25148,2.68161
hMOF-6002865,8.25,7.25,0.623426,1620.2,"V,O,C,H,Cl",0.0384629,0.213354,0.377232,1.95306,5.44315
hMOF-6000915,4.75,3.25,0.357247,544.3,"V,O,C,H,N",0.0989455,0.425681,0.761988,2.20283,4.12689
hMOF-6001897,10.75,10.25,0.728998,3058.6,"V,O,C,H,N",0.00695686,0.0350327,0.0874576,0.403995,2.18992
hMOF-6004356,14.25,13.25,0.764883,2480.8,"V,O,C,N,H,F",0.0271084,0.144675,0.221071,1.17305,4.47607
hMOF-1002978,7.75,6.75,0.705086,3244.8,"V,O,C,H,F",0.168558,0.762255,1.34635,3.51174,8.35275
hMOF-1002959,4.25,2.75,0.38907,238.1,"V,O,C,H",2.18934,2.73256,2.73685,2.92679,3.18827
hMOF-6000651,4.75,3.25,0.576363,1765.2,"V,O,C,H",0.584284,1.8915,2.68636,4.43053,7.52415
hMOF-1000100,5.75,4.75,0.469276,672.1,"V,O,C,H,Br",0.0982884,0.476996,0.804011,2.24477,2.98533
hMOF-6000362,6.75,6.25,0.622373,2363.0,"V,O,C,H",0.0126954,0.0537114,0.125327,0.600591,3.40465
hMOF-1001413,8.75,7.75,0.599116,2035.0,"V,O,C,H",0.010566,0.0603769,0.125886,0.662636,3.8768
hMOF-6004345,11.25,10.25,0.751139,3743.6,"V,O,C,N,H",0.0267526,0.129848,0.266384,1.24481,5.20208
hMOF-6003055,4.25,2.75,0.238542,125.9,"V,O,C,H",0.167314,0.587076,0.873816,1.49439,2.38063
hMOF-1003120,5.75,3.75,0.403016,624.1,"V,O,C,H",1.09092,2.16672,2.7416,3.79787,4.84728
hMOF-6001581,11.25,10.75,0.766102,3537.3,"V,O,C,H",0.00811791,0.0482155,0.0779811,0.427543,2.50524
hMOF-6004003,6.75,6.25,0.573912,1655.6,"V,O,C,H,F",0.451405,1.37202,2.06151,4.45044,7.65284
hMOF-6001530,7.25,6.25,0.679144,2853.6,"V,O,C,H",0.0134798,0.0533064,0.111821,0.524793,2.93645
hMOF-6003711,5.25,3.25,0.383037,430.9,"V,O,C,H",0.448782,1.2322,1.98968,3.32881,4.61179
hMOF-6003759,7.75,7.25,0.630627,1025.0,"V,O,C,H,Br",0.104779,0.443583,0.791381,2.47443,5.03575
hMOF-1002855,7.75,7.25,0.783404,941.6,"V,O,C,H,Br",0.0888314,0.508313,1.04882,4.03891,5.93028
hMOF-1000114,4.75,3.25,0.393071,400.2,"V,O,C,H",1.20445,1.92426,2.14351,3.03621,3.96358
hMOF-6001917,4.75,3.75,0.487074,1185.8,"V,O,C,H",0.0424833,0.192545,0.401262,1.64136,4.62644
hMOF-6005011,14.25,13.75,0.805179,4149.3,"V,O,C,N,H,F",0.166076,0.750333,1.45291,4.55647,9.56856
hMOF-6000107,8.25,7.25,0.698151,2682.4,"V,O,C,H,N",0.0156627,0.0738385,0.160242,0.851982,4.95096
hMOF-1001583,5.75,3.75,0.463804,1470.9,"V,O,C,H,N",0.0503329,0.222729,0.417253,1.75314,4.66102
hMOF-6002847,7.25,6.75,0.570163,1659.2,"V,O,C,H",0.018941,0.106996,0.202104,1.17998,6.0194
hMOF-1001153,7.75,6.75,0.581167,1004.9,"V,O,C,H,Br",0.03118,0.150247,0.31437,1.50641,4.35013
hMOF-6005164,13.75,13.25,0.732367,2693.7,"V,O,C,N,H",0.014385,0.066848,0.130452,0.686673,2.965
hMOF-6003802,13.25,12.25,0.723843,2430.2,"V,O,C,H,N",0.0182792,0.106454,0.210876,1.01026,4.44857
hMOF-6002394,5.75,4.25,0.457342,1044.0,"V,O,C,H",0.493899,1.52391,2.14911,3.6514,5.5853
hMOF-6001789,4.75,3.25,0.453529,866.7,"V,O,C,H",0.962796,1.74922,2.13166,3.3199,4.66242
hMOF-1000123,7.25,5.75,0.549165,1247.9,"V,O,C,H",0.0859908,0.478471,0.811934,3.70973,6.56698
hMOF-1000125,7.25,6.25,0.557317,1259.4,"V,O,C,H",0.098753,0.39728,0.823349,3.49788,6.38196
hMOF-1003140,4.75,3.25,0.474942,915.2,"V,O,C,H,N",0.640717,1.96042,2.6094,4.12939,5.56137
hMOF-1000881,5.25,4.25,0.436374,741.2,"V,O,C,H",0.21504,0.954378,1.86036,4.07197,5.23594
hMOF-6002281,8.25,7.25,0.556084,2064.1,"V,O,C,H,N",0.00840408,0.053963,0.0999643,0.591161,3.24574
hMOF-1002012,5.25,4.25,0.390432,633.0,"V,O,C,N,H",0.108455,0.49756,0.79692,2.05853,2.96337
hMOF-6004060,12.75,11.25,0.722994,2770.8,"V,O,C,H,F",0.0276615,0.134492,0.312782,1.33841,6.68217
hMOF-6002639,7.25,5.75,0.640464,3069.4,"V,O,C,H",0.0117809,0.0629018,0.11844,0.584208,3.51577
hMOF-1002465,6.75,5.75,0.454547,1004.1,"V,O,C,H,N",0.167413,0.557905,0.87265,1.97389,3.89847
hMOF-6001954,11.25,10.25,0.727381,3039.9,"V,O,C,H,N",0.00996932,0.0364731,0.0860766,0.385399,2.34644
hMOF-6003467,4.75,3.75,0.312606,664.6,"V,O,C,H",0.0323304,0.1516,0.306732,1.25328,3.21348
hMOF-1001054,5.25,4.25,0.399912,949.6,"V,O,C,H",0.0445453,0.234812,0.532817,2.36642,4.50218
hMOF-6001786,11.25,10.75,0.739381,3601.5,"V,O,C,H",0.00709488,0.0368388,0.0687657,0.352288,1.89488
hMOF-1000911,4.25,3.25,0.306365,104.1,"V,O,C,H",0.264358,1.03108,1.36748,1.93657,2.83696
hMOF-6003893,13.75,12.75,0.77698,2434.6,"V,O,C,N,H",0.0243271,0.105004,0.199168,1.06915,5.16446
hMOF-1001645,7.75,6.75,0.56378,765.6,"V,O,C,H,N",0.0676936,0.373278,0.73217,2.73125,4.97207
hMOF-6005116,3.75,2.25,0.100075,71.0,"V,O,C,N,H,F",0.16846,0.439537,0.500028,0.665622,0.933275
hMOF-1002566,4.25,3.25,0.302222,253.4,"V,O,C,H,F",0.411054,1.26495,1.7116,2.61254,3.72037
hMOF-6002462,5.75,4.75,0.425608,1391.6,"V,O,C,H",0.0216119,0.114202,0.216688,1.17091,3.71555
hMOF-6004146,10.75,9.75,0.71452,2592.7,"V,O,C,H",0.0271892,0.138374,0.314294,1.47712,5.29122
hMOF-1000611,11.25,10.75,0.768258,1857.8,"V,O,C,N,H",0.122083,0.627714,1.24905,4.35412,9.60405
hMOF-6003684,4.75,4.25,0.376984,862.9,"V,O,C,H,N",0.0182781,0.0891846,0.211301,0.873883,3.04425
hMOF-1000146,5.25,3.25,0.394333,501.0,"V,O,C,H,Br",0.237228,0.869004,1.12604,2.21496,3.4329
hMOF-1000733,14.25,13.25,0.782116,2640.0,"V,O,C,N,H",0.0154042,0.0789038,0.174581,0.882833,3.9
hMOF-1000665,6.25,5.75,0.714746,1512.8,"V,O,C,N,H,Br",0.0518261,0.252501,0.528807,2.33247,6.00459
hMOF-1000149,4.75,3.75,0.319318,381.9,"V,O,C,H,N",0.453379,1.12093,1.5402,2.21966,3.05254
hMOF-6003536,6.25,4.25,0.50741,1943.7,"V,O,C,H",0.0529183,0.270554,0.51204,1.95097,5.36547
hMOF-6002875,7.75,6.75,0.502751,1577.9,"V,O,C,H",0.0135469,0.0756368,0.148451,0.740375,3.80009
hMOF-6005007,8.75,7.75,0.741014,2851.8,"V,O,C,N,H",1.50247,2.87472,3.46063,5.2555,9.81851
hMOF-6004129,7.75,7.25,0.517772,701.0,"V,O,C,H,Br",0.0270792,0.132238,0.269356,1.39022,3.1518
hMOF-6002786,6.75,5.75,0.548519,1760.3,"V,O,C,H",0.0466746,0.227061,0.49299,2.30167,6.58843
hMOF-6003056,4.25,3.75,0.393361,605.1,"V,O,C,H,N",0.753138,1.79562,2.31076,3.49428,4.2584
hMOF-6002877,5.25,3.75,0.495976,2059.3,"V,O,C,H,N",0.0779851,0.41446,0.809994,2.60856,6.19587
hMOF-6002641,7.25,5.75,0.625156,3069.3,"V,O,C,H,N",0.0118807,0.0526145,0.108623,0.589367,3.32023
hMOF-6002081,8.25,7.25,0.512247,1336.7,"V,O,C,H,N",0.0251356,0.122536,0.255656,1.30879,5.47551
hMOF-1002571,4.25,3.25,0.339683,357.9,"V,O,C,H",1.54482,2.55959,2.94183,3.29399,3.38844
hMOF-1001045,5.75,4.75,0.428465,714.0,"V,O,C,H,Cl",0.389788,1.38937,1.76009,2.78439,3.19943
hMOF-1002346,10.25,9.25,0.751731,2401.2,"V,O,C,H",0.0250317,0.11795,0.225886,1.20533,5.74208
hMOF-1002939,4.25,3.25,0.456446,414.8,"V,O,C,H,Br",0.850762,1.55903,1.86876,2.7949,3.10045
hMOF-6003673,5.75,4.25,0.381492,845.0,"V,O,C,H,Cl",0.0650546,0.272408,0.492772,1.74374,3.44968
hMOF-6001783,5.75,4.75,0.589031,1871.3,"V,O,C,H",0.907493,1.78077,2.16001,3.7856,7.22595
hMOF-6000883,5.25,4.25,0.564226,1443.5,"V,O,C,H,F",0.0857403,0.428582,0.791339,2.9395,6.39546
hMOF-6000005,3.25,2.25,0.102499,0.0,"V,O,C,H,F",0.0,0.000132968,0.0,0.000930773,0.00159561
hMOF-1001362,7.75,7.25,0.705356,1741.8,"V,O,C,H",0.0798129,0.438461,0.792414,4.39829,9.65635
hMOF-6004353,5.75,3.75,0.450054,801.5,"V,O,C,N,H,F",0.44085,1.42922,1.89184,3.39224,4.88032
hMOF-6004789,7.75,6.75,0.554733,1482.7,"V,O,C,N,H",0.0236156,0.0965261,0.210324,1.11162,4.16369
hMOF-6002534,4.25,3.25,0.325215,316.7,"V,O,C,H",0.0239394,0.124929,0.25826,1.09868,3.01621
hMOF-1001270,7.75,7.25,0.61814,1433.8,"V,O,C,H,N",0.0357437,0.173612,0.349899,1.9535,5.66331
hMOF-1001421,6.25,5.75,0.587587,1323.4,"V,O,C,H,Br",0.0225268,0.144126,0.298135,1.42447,4.20561
hMOF-6000516,4.75,3.75,0.333245,703.5,"V,O,C",0.0110425,0.0486617,0.111548,0.48512,1.88789
hMOF-1000187,6.75,5.75,0.679566,1634.6,"V,O,C,H,Br",0.0415428,0.198202,0.401839,2.09073,5.87481
hMOF-1001176,5.75,4.75,0.587909,1334.1,"V,O,C,H",0.194344,0.906317,1.71772,4.35239,6.61141
hMOF-6002487,8.25,7.25,0.617931,2967.4,"V,O,C,N,H",0.101003,0.451597,0.805414,2.65371,5.80399
hMOF-6002844,7.75,7.25,0.527839,1413.8,"V,O,C,H,Br",0.0113215,0.0593571,0.118876,0.637078,3.07686
hMOF-1002681,3.75,2.25,0.113655,0.0,"V,O,C,H",0.497418,0.98942,1.1548,1.22729,1.26681
hMOF-1001385,5.75,4.75,0.493344,1605.2,"V,O,C,H,N",0.231345,1.10542,1.48901,2.80857,5.03448
hMOF-6000773,8.75,7.75,0.689932,2316.3,"V,O,C,H",0.0252529,0.130836,0.273645,1.38956,6.12861
hMOF-6004133,5.25,3.75,0.480112,1839.2,"V,O,C,H",0.439347,1.36852,1.91397,3.45168,6.30422
hMOF-1002901,3.75,3.25,0.421424,278.1,"V,O,C,H",2.08777,3.12486,3.42571,4.09014,4.8812
hMOF-1002721,4.25,2.25,0.289963,190.1,"V,O,C,H",1.41368,1.7537,1.7671,2.5049,2.82139
hMOF-1000588,8.25,7.25,0.704363,2021.7,"V,O,C,N,H",0.0271738,0.128133,0.267374,1.35175,7.55492
hMOF-6003631,6.75,3.75,0.510246,2024.6,"V,O,C,H",0.034848,0.209746,0.301468,1.45589,4.73506
hMOF-1002946,4.25,3.25,0.497264,907.2,"V,O,C,H",0.456337,1.7119,2.48684,4.19587,5.99358
hMOF-1001344,7.75,6.75,0.619428,1596.4,"V,O,C,H",0.0439951,0.219195,0.464422,2.42988,6.83356
hMOF-6003902,5.25,3.75,0.473045,619.3,"V,O,C,H,Br",0.207204,0.736298,1.07425,2.58153,3.67499
hMOF-6003421,9.75,8.25,0.685108,3028.2,"V,O,C,H,N",0.0223255,0.109551,0.201795,0.987513,4.29895
hMOF-1000214,4.75,3.75,0.563005,1954.2,"V,O,C,H",0.483613,1.37534,1.80496,3.54043,7.9732
hMOF-6002356,8.75,7.75,0.684861,1981.7,"V,O,C,H,Cl",0.0351002,0.151868,0.311427,1.56511,7.24743
hMOF-1000992,5.75,4.75,0.684387,1528.4,"V,O,C,H",0.488805,2.01988,2.86358,5.56587,7.22186
hMOF-6003560,5.75,3.75,0.53389,1982.1,"V,O,C,H",0.304244,1.03,1.50069,3.22573,5.82702
hMOF-6005126,11.25,7.25,0.733227,2253.2,"V,O,C,N,H",0.476266,1.09307,1.51481,3.0958,6.44701
hMOF-1000218,6.25,4.25,0.489306,1776.0,"V,O,C",0.00849724,0.0469094,0.0864855,0.434989,2.00744
hMOF-6000696,8.25,7.25,0.605157,2132.6,"V,O,C,H",0.133197,0.666444,1.04956,2.0181,4.98712
hMOF-6004685,5.25,3.75,0.515661,1258.2,"V,O,C,N,H",0.179692,0.871441,1.52157,4.06497,6.12601
hMOF-1002185,3.75,3.25,0.238898,49.4,"V,O,C",0.00786501,0.0332751,0.0744151,0.25289,1.04867
hMOF-1000228,7.25,5.75,0.663544,1994.3,"V,O,C,H,N",0.0639623,0.316016,0.58501,2.80407,7.39093
hMOF-1002430,7.75,7.25,0.657181,1631.2,"V,O,C,H,N",0.0523806,0.241927,0.530021,3.07403,7.76121
hMOF-6000589,4.25,3.25,0.390086,408.5,"V,O,C,H",2.41137,3.2228,3.44501,3.99656,4.49303
hMOF-6000722,11.75,10.75,0.769194,3026.6,"V,O,C,H,N",0.0147643,0.0656905,0.129883,0.660543,3.61448
hMOF-1000230,4.25,3.25,0.344763,247.6,"V,O,C,H",0.505598,1.93246,2.49476,3.55548,4.65502
hMOF-6003132,6.75,5.75,0.48383,1614.3,"V,O,C,H,N",0.0134507,0.0661688,0.110426,0.572523,3.03509
hMOF-6004035,9.25,7.75,0.651564,2413.2,"V,O,C,H,Cl",0.29137,0.881662,1.59106,3.20579,6.82452
hMOF-6003297,10.25,9.25,0.712128,2884.8,"V,O,C,H,Cl",0.0147161,0.0644044,0.131579,0.559903,2.98477
hMOF-6002778,8.75,7.75,0.63996,2487.0,"V,O,C,H",0.024449,0.105773,0.214032,1.06208,5.24927
hMOF-1000995,6.25,5.75,0.55619,1726.7,"V,O,C,H",0.0215312,0.120955,0.324445,1.45737,5.50037
hMOF-6002376,10.75,9.75,0.717097,2870.6,"V,O,C,H",0.0507209,0.234108,0.449025,1.8651,7.09483
hMOF-1001053,5.25,4.75,0.408992,815.5,"V,O,C,H",0.210873,0.9015,1.4117,2.79007,3.68099
hMOF-6001757,10.25,9.25,0.706405,2484.5,"V,O,C,H,Cl",0.0174442,0.0853848,0.183623,0.84283,4.62593
hMOF-1000247,4.25,2.25,0.172879,62.1,"V,O,C,H",0.0497226,0.206753,0.391194,1.03206,1.60451
hMOF-6004613,8.75,7.75,0.701964,2194.0,"V,O,C,N,H,Cl",1.51601,2.29683,2.70861,3.54918,5.90289
hMOF-6003511,4.75,3.25,0.457149,892.2,"V,O,C,H",1.42963,2.53846,3.2538,4.77209,6.05737
hMOF-6003426,6.25,5.25,0.542476,2196.2,"V,O,C,H,F",0.0437416,0.183029,0.335218,1.68576,5.88032
hMOF-6003023,4.75,3.75,0.320774,685.5,"V,O,C,H",0.0109397,0.051538,0.110369,0.542122,1.98835
hMOF-6001916,11.75,10.75,0.763899,4067.7,"V,O,C,H",0.00657807,0.0279568,0.0611212,0.344526,1.82048
hMOF-6004843,6.75,5.75,0.475627,881.7,"V,O,C,N,H,Cl",0.0889402,0.449352,0.853215,2.2776,4.31488
hMOF-6003321,11.75,10.75,0.713375,2972.2,"V,O,C,H",0.0139969,0.0725451,0.153796,0.790315,3.55062
hMOF-6002373,8.75,8.25,0.58443,1146.7,"V,O,C,H,Br",0.0119952,0.0652607,0.129766,0.619054,2.70329
hMOF-6004533,9.25,8.75,0.666159,2353.5,"V,O,C,N,H",0.921331,1.57304,1.95014,3.55508,7.54259
hMOF-1002274,6.25,5.75,0.62543,2087.2,"V,O,C,H,F",0.464615,1.41418,1.97224,4.11271,7.72481
hMOF-6003138,7.75,7.25,0.584037,2113.3,"V,O,C,H",0.0101326,0.046803,0.104704,0.502288,2.7966
hMOF-1001722,4.25,3.25,0.414261,144.2,"V,O,C,H,Cl",0.677311,1.8621,2.49477,3.96351,4.5747
hMOF-6002454,10.75,10.25,0.738327,2679.0,"V,O,C,H",0.0409175,0.187359,0.408513,1.71241,6.49727
hMOF-6000640,4.75,3.25,0.48764,757.6,"V,O,C,H,Br",0.343235,1.0784,1.65542,2.6934,4.03786
hMOF-6001651,6.75,5.75,0.601546,2017.5,"V,O,C,H,Br",0.0191747,0.0733751,0.148795,0.81275,3.68358
hMOF-1000266,3.75,2.25,0.243361,88.4,"V,O,C,H",0.335486,1.13754,1.28255,1.84886,2.41353
hMOF-1003063,4.25,3.25,0.409026,387.1,"V,O,C,H",2.7429,3.52441,3.33523,3.81035,4.07105
hMOF-1002321,6.25,5.25,0.674476,1496.5,"V,O,C,H",0.251492,1.37184,2.60242,5.77145,7.42831
hMOF-6002438,9.75,8.75,0.694516,2939.2,"V,O,C,H,N",0.0125839,0.0593239,0.136984,0.634946,3.16358
hMOF-6000992,9.75,8.75,0.722795,2682.7,"V,O,C,N,H",0.0196375,0.0898924,0.200099,0.903325,4.55065
hMOF-1000999,4.25,3.25,0.243202,76.3,"V,O,C,H,N",0.913292,0.964971,1.13494,1.10582,1.25472
hMOF-1001526,4.25,2.75,0.253537,102.2,"V,O,C,H,Cl",0.683958,1.07909,1.19727,1.24102,1.42911
hMOF-1001896,4.25,3.25,0.212566,88.0,"V,O,C",0.00282334,0.0110917,0.0201667,0.104867,0.421282
hMOF-1002483,9.75,9.25,0.734406,1209.2,"V,O,C,H,Br",0.0489864,0.258318,0.511367,2.80561,6.51007
hMOF-6003025,3.75,3.25,0.28676,235.8,"V,O,C,H,F",0.711103,1.65061,2.2637,2.68339,2.80031
hMOF-1000892,3.75,2.25,0.219463,104.8,"V,O,C,H",0.211635,0.83209,1.20797,2.04441,3.0353
hMOF-1001921,4.25,3.25,0.432444,252.9,"V,O,C,H,Cl",0.27173,1.16469,1.75073,3.45599,4.99778
hMOF-1001559,6.25,5.25,0.534952,1347.7,"V,O,C,H",0.0424286,0.191789,0.386444,1.70001,4.37215
hMOF-6003594,7.25,5.25,0.633228,2990.9,"V,O,C,H,N",0.0126988,0.0872793,0.153797,0.801639,4.14728
hMOF-1002352,10.25,9.75,0.730363,2032.2,"V,O,C,H,F",0.0383486,0.239513,0.471258,2.14702,6.88307
hMOF-6003387,5.25,3.75,0.476987,1378.0,"V,O,C,H,N",0.0309638,0.158829,0.361542,1.54908,4.39865
hMOF-6003378,8.25,4.75,0.640072,2597.8,"V,O,C,H",0.0635766,0.283847,0.609918,2.6121,7.54748
hMOF-6001791,5.25,4.25,0.498096,1575.8,"V,O,C,H,F",0.314587,1.19705,1.7588,4.19205,6.64389
hMOF-1002440,7.75,7.25,0.665679,1475.0,"V,O,C,H,Cl",0.0445349,0.219479,0.443951,2.70305,7.4499
hMOF-6001956,4.75,3.75,0.179443,224.1,"V,O,C,H,F",0.740619,1.30398,1.45855,1.74828,2.39698
hMOF-6003322,10.75,9.75,0.708433,2921.1,"V,O,C,H",0.0182079,0.0828543,0.143324,0.80098,3.67716
hMOF-1000631,10.75,10.25,0.729929,3187.6,"V,O,C,N,H,F",0.0321823,0.155574,0.354319,1.65841,6.52689
hMOF-6002740,4.75,3.75,0.339456,526.2,"V,O,C,H,Cl",0.102596,0.502191,1.04073,2.18216,2.97207
hMOF-1003030,8.75,7.25,0.518796,1054.4,"V,O,C,N,H",0.170277,0.771017,1.39338,4.21898,6.47703
hMOF-6002297,6.75,5.75,0.505496,1563.6,"V,O,C,H",0.0281953,0.129265,0.302123,1.44685,5.58636
hMOF-6004837,9.75,8.75,0.662917,2316.0,"V,O,C,N,H",0.976435,1.80512,2.41965,3.82639,6.96636
hMOF-6001961,5.75,4.75,0.406764,895.2,"V,O,C,H",0.140616,0.562229,1.05403,2.7647,4.83264
hMOF-1002738,4.25,3.25,0.53632,618.4,"V,O,C,H",3.06594,4.01052,4.18579,5.12483,5.21339
hMOF-1002587,5.25,3.25,0.490449,1065.6,"V,O,C,H",0.807552,1.84933,2.49449,4.17547,5.94054
hMOF-1000295,11.75,11.25,0.794285,1342.2,"V,O,C,H,Br",0.0257725,0.140157,0.246225,1.32405,5.81955
hMOF-6004638,8.75,8.25,0.756216,1999.3,"V,O,C,N,H,Br",0.0111787,0.0687282,0.124484,0.701359,4.62894
hMOF-6002756,4.75,2.25,0.299189,219.2,"V,O,C,H",0.384596,1.37213,1.65425,2.26663,2.62291
hMOF-6001675,4.25,2.25,0.139113,59.6,"V,O,C,H",0.00372645,0.0300983,0.0444308,0.202518,0.578174
hMOF-1000801,3.25,2.25,0.108396,0.0,"V,O,C,H",0.0635658,0.0864674,0.33615,0.617337,0.760779
hMOF-1002416,5.25,3.75,0.408943,505.4,"V,O,C,H,N",0.119756,0.533913,0.852376,2.1514,3.44388
hMOF-6004357,6.25,5.25,0.562496,1110.5,"V,O,C,N,H,F",0.288407,1.16436,1.90578,3.98,5.832
hMOF-1003016,4.25,3.25,0.519286,529.2,"V,O,C,H",2.56532,3.75739,4.24835,5.73658,6.24745
hMOF-6002645,7.25,6.25,0.611727,2530.9,"V,O,C,H",0.0265729,0.135244,0.24332,1.27867,6.19327
hMOF-6004951,4.25,3.75,0.445154,773.6,"V,O,C,N,H",2.00467,3.3956,3.93976,5.03486,6.13822
hMOF-6005024,9.25,8.25,0.688059,2789.9,"V,O,C,N,H",0.0325157,0.155914,0.32047,1.45141,6.6611
hMOF-6003861,13.75,13.25,0.80389,1256.3,"V,O,C,H,Br",0.0285561,0.132803,0.287711,1.21432,4.29752
hMOF-6003401,8.25,3.75,0.642888,2162.6,"V,O,C,H,Br",0.0141885,0.0725576,0.126543,0.698122,3.3245
hMOF-6003813,6.75,5.25,0.615254,1354.3,"V,O,C,H",0.23402,1.22833,2.31741,5.53047,7.3483
hMOF-6002474,9.25,8.25,0.665637,1184.2,"V,O,C,N,H,Br",0.0178904,0.0728953,0.154422,0.817071,3.36111
hMOF-1002261,9.75,9.25,0.733818,2234.3,"V,O,C,H",0.0252863,0.142156,0.296636,1.56159,7.75588
hMOF-6004654,8.75,8.25,0.733512,3160.5,"V,O,C,N,H",0.0116491,0.0576102,0.116915,0.679674,3.93423
hMOF-6002961,4.25,3.25,0.353149,332.6,"V,O,C,H",0.388968,1.28905,2.03398,3.11253,4.11183
hMOF-6003867,9.75,8.75,0.69538,3236.7,"V,O,C,H",1.00746,2.8678,3.70856,6.103,10.1726
hMOF-6003911,5.75,5.25,0.635014,1918.0,"V,O,C,H,F",0.126247,0.645737,1.33946,5.13988,8.77077
hMOF-6002087,5.75,4.75,0.485702,2006.8,"V,O,C,N,H,F",0.0767872,0.480783,1.01155,3.59667,6.98714
hMOF-1000317,9.75,9.25,0.755513,4216.3,"V,O,C,H",0.0164964,0.0917613,0.168263,0.786879,4.07482
hMOF-6003255,7.75,7.25,0.613295,2562.8,"V,O,C,H,N",0.0157835,0.0779313,0.159808,0.765338,3.48257
hMOF-6001292,6.75,3.75,0.575217,2308.7,"V,O,C,H",0.266285,0.906448,1.31985,2.89905,6.02428
hMOF-6001907,11.75,10.75,0.738542,3623.4,"V,O,C,H",0.00745751,0.0354875,0.0678891,0.358218,1.80137
hMOF-6002610,7.75,6.75,0.504137,1593.5,"V,O,C,H,N",0.0187558,0.0800921,0.182869,0.809919,2.8728
hMOF-1002949,4.25,3.25,0.350385,369.3,"V,O,C,H",1.75725,2.33364,2.42012,2.91002,3.28782
hMOF-6004588,6.25,3.25,0.565415,1181.6,"V,O,C,N,H",0.954724,1.82152,2.26679,3.83692,5.58244
hMOF-6004220,7.75,6.75,0.68116,1846.6,"V,O,C,N,H",0.0333873,0.170752,0.348182,1.81659,7.68847
hMOF-6003425,9.75,9.25,0.72854,3844.6,"V,O,C,H",0.0202779,0.0893049,0.182502,1.00058,4.20409
hMOF-6003206,6.25,4.75,0.537905,2136.4,"V,O,C,H,F",0.0727713,0.310879,0.663674,2.52429,6.97188
hMOF-6003197,4.25,2.75,0.179307,95.0,"V,O,C,H,N",0.0521752,0.215247,0.415476,1.09529,2.1284
hMOF-1003032,6.75,3.25,0.617072,2192.1,"V,O,C,H,N",1.28225,3.21565,4.07586,6.52956,9.12807
hMOF-6002958,5.25,4.25,0.431852,1027.5,"V,O,C,H",0.036282,0.173721,0.353209,1.60458,4.49031
hMOF-1001506,8.25,7.25,0.618839,1852.4,"V,O,C,H",0.0265766,0.102913,0.233252,1.32883,6.73263
hMOF-6003285,4.25,3.25,0.287556,249.6,"V,O,C,H",0.0975573,0.387773,0.798004,2.11731,3.96528
hMOF-6004991,7.75,6.75,0.653123,1885.1,"V,O,C,N,H",0.0365626,0.184828,0.390623,1.98699,9.0911
hMOF-1001832,5.75,4.75,0.30464,456.5,"V,O,C,H,N",0.124023,0.552141,0.961484,1.86075,2.82018
hMOF-6004201,8.25,7.25,0.711255,1819.0,"V,O,C,N,H,Cl",0.0492497,0.253674,0.523107,2.60463,7.90647
hMOF-6002783,6.25,5.25,0.502611,761.0,"V,O,C,H,Br",0.0456825,0.220851,0.417049,1.47523,2.97219
hMOF-1000596,11.75,11.25,0.785877,1738.1,"V,O,C,N,H,Br",0.0219237,0.126714,0.233983,1.32599,6.5129
hMOF-6004520,13.25,12.75,0.77606,3767.8,"V,O,C,N,H",0.0330926,0.16627,0.345293,1.47464,4.6562
hMOF-1001597,8.75,7.75,0.599745,2047.7,"V,O,C,H",0.0147923,0.0579618,0.128301,0.665655,4.04676
hMOF-6003544,9.25,8.75,0.697227,3304.3,"V,O,C,H,F",0.0247138,0.12061,0.237392,1.24631,6.07473
hMOF-6003793,11.75,10.75,0.748967,2426.8,"V,O,C,H,N",0.031371,0.15309,0.346475,1.52658,5.67661
hMOF-1001196,7.75,7.25,0.591261,1796.3,"V,O,C,H,F",0.0433285,0.209977,0.38829,1.89729,6.2843
hMOF-6002625,5.25,3.75,0.480987,1243.9,"V,O,C,H,N",0.776926,1.91108,2.46156,4.16771,5.9305
hMOF-1002199,4.25,2.75,0.227889,103.7,"V,O,C",0.00605001,0.0284351,0.0613068,0.286972,0.976068
hMOF-6003932,13.75,12.75,0.803765,2393.5,"V,O,C,H",0.0447969,0.271888,0.508135,2.41773,9.23111
hMOF-6003292,7.25,5.25,0.598554,2992.3,"V,O,C,H",0.0279489,0.11651,0.257601,1.18396,4.57756
hMOF-1002490,6.25,4.75,0.422087,1025.0,"V,O,C,H",0.0534124,0.273838,0.558675,2.22625,4.89573
hMOF-6003671,5.75,4.75,0.451848,1439.5,"V,O,C,H,F",0.0366337,0.211414,0.460318,1.9611,6.1548
hMOF-1001263,4.75,3.75,0.530513,1103.2,"V,O,C,H",0.275044,1.30682,1.95928,5.15554,7.17586
hMOF-1002654,6.75,3.25,0.555443,1517.6,"V,O,C,H,N",1.20232,2.03125,2.53068,3.75118,6.48706
hMOF-1002973,4.25,2.75,0.379339,197.5,"V,O,C,H",0.959201,1.58266,1.88344,3.06669,4.1347
hMOF-1000357,7.25,6.25,0.683742,2872.0,"V,O,C,H",0.0169186,0.0720403,0.161545,0.879765,4.32187
hMOF-6002347,8.25,7.25,0.516814,1588.5,"V,O,C,H,N",0.0191006,0.0870003,0.183489,0.876534,3.28432
hMOF-1000358,4.75,3.25,0.253554,142.9,"V,O,C,H",0.0972817,0.262238,0.481769,1.36645,1.99966
hMOF-1002435,5.75,4.75,0.580869,2011.1,"V,O,C,H,N",0.222541,0.835615,1.38961,3.74639,7.11018
hMOF-6003540,6.25,5.25,0.647453,2958.3,"V,O,C,H",0.395016,1.3526,2.00149,4.01754,8.1622
hMOF-6004875,11.75,11.25,0.867951,1234.8,"V,O,C,N,H,Br",0.051323,0.238219,0.514304,2.12307,7.31858
hMOF-1003026,8.25,7.25,0.675904,1884.1,"V,O,C,N,H,Br",0.236969,0.824712,1.28702,2.76273,5.43906
hMOF-6003390,4.75,4.25,0.286435,403.5,"V,O,C,H",0.0776834,0.360989,0.672253,1.48536,2.30944
hMOF-6005018,11.75,11.25,0.726875,2902.1,"V,O,C,N,H",1.01447,2.55138,3.41464,5.61019,8.47511
hMOF-1001600,3.25,2.25,0.106124,0.0,"V,O,C,H",0.000441495,0.00331121,0.00596018,0.0390723,0.18013
hMOF-6004957,10.25,7.25,0.696662,1233.6,"V,O,C,N,H,Br",0.267041,0.735883,0.977536,2.16024,4.22749
hMOF-6001195,4.25,3.25,0.151975,26.0,"V,O,C",0.00278155,0.0220888,0.0862281,0.267356,0.8595
hMOF-1002675,7.75,6.75,0.62907,1253.5,"V,O,C,N,H",0.159884,0.786897,1.33942,4.38242,7.07921
hMOF-6002674,7.25,6.25,0.491754,1637.1,"V,O,C,H,N",0.0186035,0.0985592,0.200681,0.963954,3.2923
hMOF-1002607,3.75,2.75,0.18286,28.1,"V,O,C,H",1.20873,1.30472,1.29414,1.32074,1.37279
hMOF-6004252,13.75,12.75,0.782133,2785.0,"V,O,C,N,H",0.0421654,0.177008,0.362939,1.72461,6.47907
hMOF-6002228,4.25,3.25,0.42551,367.7,"V,O,C,H,Br",0.50524,1.20822,1.45311,2.06731,2.36373
hMOF-1001606,6.75,5.75,0.543856,1356.2,"V,O,C,H",0.0629481,0.319421,0.631353,2.9031,6.047
hMOF-6004847,4.75,3.75,0.512682,554.1,"V,O,C,N,H,Br",0.606463,1.49251,1.86677,2.7884,3.26452
hMOF-6004558,6.75,3.25,0.553103,1294.8,"V,O,C,N,H,Cl",0.950316,2.33969,2.69789,4.14864,6.23516
hMOF-1002717,4.25,1.75,0.22801,91.2,"V,O,C,H",1.37062,1.43732,1.4129,1.51658,1.7694
hMOF-1002885,4.25,3.75,0.547246,1137.0,"V,O,C,H,Cl",0.921621,2.66794,3.42731,5.16111,6.35839
hMOF-6004140,8.25,7.25,0.628121,2963.9,"V,O,C,H,F",0.0497161,0.242941,0.523132,2.25281,7.87399
hMOF-1002427,7.75,7.25,0.657298,1912.7,"V,O,C,H",0.0326083,0.157068,0.34525,1.87137,8.21157
hMOF-6002273,7.75,7.25,0.517387,1681.0,"V,O,C,H,Cl",0.0169844,0.0628423,0.119457,0.642577,3.114
hMOF-6002483,8.25,7.75,0.616263,2201.8,"V,O,C,N,H",0.0174316,0.0872975,0.149633,0.895985,3.74682
hMOF-6001821,6.75,5.75,0.662913,2952.5,"V,O,C,H",0.232826,0.908335,1.37785,3.29798,6.40282
hMOF-6003054,4.25,2.75,0.214302,92.8,"V,O,C,H",0.0464962,0.201151,0.374963,1.14404,1.95044
hMOF-6004267,7.75,7.25,0.664728,1888.9,"V,O,C,N,H,F",0.0467406,0.257236,0.455721,2.28932,6.75824
hMOF-6001340,9.75,8.75,0.748784,4005.1,"V,O,C",0.00813908,0.0331377,0.0578456,0.349109,1.89321
hMOF-6001583,11.25,10.25,0.74306,3010.2,"V,O,C,H",0.00830226,0.0493766,0.0814933,0.418827,2.24751
hMOF-1002349,8.75,7.75,0.65908,1320.7,"V,O,C,H",0.0788829,0.434533,0.831825,3.98088,7.40771
hMOF-6001269,5.25,3.75,0.531262,2085.1,"V,O,C,H,F",0.333649,1.46855,1.97719,4.62208,7.47484
hMOF-1002898,5.25,3.75,0.601321,1849.1,"V,O,C,H,N",0.490533,1.93967,2.66367,5.86337,8.26582
hMOF-6002096,3.75,3.25,0.134249,23.1,"V,O,C,H,N",0.0705987,0.235729,0.496316,0.96103,1.84277
hMOF-6003430,6.75,5.75,0.604194,1840.1,"V,O,C,H,Br",0.0218971,0.100576,0.218971,1.12158,4.71663
hMOF-6001233,10.75,9.75,0.74333,2686.1,"V,O,C,H,Br",0.010008,0.0687787,0.124781,0.69162,3.66231
hMOF-6003874,9.25,8.25,0.644093,2824.9,"V,O,C,H,N",0.0546653,0.284835,0.503907,1.97768,4.82452
hMOF-1001201,6.75,5.25,0.631184,3336.5,"V,O,C,H,Cl",0.0186932,0.0939165,0.18986,1.07385,4.62601
hMOF-1000643,8.25,7.25,0.673127,1705.4,"V,O,C,N,H",0.0525242,0.256705,0.488852,2.30354,8.01702
hMOF-6003405,6.25,4.25,0.505499,1345.4,"V,O,C,H",0.068781,0.32283,0.650833,2.78228,5.67683
hMOF-6004416,6.25,4.75,0.625292,1503.3,"V,O,C,N,H,Cl",0.273243,1.0074,1.4904,4.01539,6.1536
hMOF-1001308,5.25,4.25,0.473893,1052.6,"V,O,C,H",0.231815,0.947738,1.89023,3.5321,5.08287
hMOF-1002350,7.75,7.25,0.658735,3739.0,"V,O,C,H",0.0426681,0.177818,0.341549,1.6318,5.88248
hMOF-6003864,10.25,9.25,0.751173,3017.7,"V,O,C,H",0.434399,1.49677,2.17935,4.44994,9.88704
hMOF-1000410,7.75,7.25,0.707628,2165.7,"V,O,C,H",0.0469003,0.207211,0.422103,2.39475,9.74132
hMOF-1003143,6.25,3.75,0.607145,2250.1,"V,O,C,H,F",0.831802,2.55085,3.49076,7.34588,9.85628
hMOF-6001896,9.75,9.25,0.70658,2804.5,"V,O,C,H",0.0221306,0.0938244,0.190646,0.967982,4.62921
hMOF-6000061,9.25,8.25,0.735846,2825.2,"V,O,C,H",0.0144565,0.0644416,0.129373,0.738506,4.44084
hMOF-6004492,5.25,4.25,0.428564,866.1,"V,O,C,N,H",0.194007,0.79167,1.19384,2.54007,3.73593
hMOF-6001426,8.25,7.25,0.64867,2850.5,"V,O,C,H",0.0423828,0.204578,0.465939,1.48557,4.10135
hMOF-6002565,8.25,6.25,0.647101,1998.9,"V,O,C,H",0.0276571,0.160954,0.299022,1.65639,7.03207
hMOF-1000415,7.75,6.75,0.626022,2045.3,"V,O,C,H,N",0.0337781,0.162392,0.351099,1.59002,5.93221
hMOF-6002843,7.75,7.25,0.542921,1388.2,"V,O,C,H,Br",0.0126154,0.0591953,0.117582,0.581602,3.0078
hMOF-1000909,4.25,3.25,0.209247,190.3,"V,O,C,H,N",0.334002,1.0215,1.31676,1.82788,1.9358
hMOF-1000739,12.75,11.75,0.741929,1928.0,"V,O,C,N,H",0.0317653,0.167235,0.31445,1.4249,5.63728
hMOF-6001892,11.75,10.75,0.74806,3706.9,"V,O,C,H,Cl",0.00815489,0.0298163,0.0682972,0.372831,1.9559
hMOF-1003051,4.25,3.25,0.33199,154.8,"V,O,C,H",2.16741,2.46178,2.55047,2.67864,2.93498
hMOF-6004489,14.75,13.75,0.738401,1144.8,"V,O,C,N,H,Br",0.0424263,0.18746,0.326455,1.16053,3.27276
hMOF-6000043,9.25,8.25,0.738989,2631.1,"V,O,C,H,F",0.0123596,0.0565336,0.107574,0.537641,3.1304
hMOF-1001381,5.25,3.25,0.47559,948.8,"V,O,C,H",1.16951,2.0619,2.54369,3.46008,5.46748
hMOF-6004189,10.75,9.75,0.731251,2768.7,"V,O,C,H",0.0463655,0.237699,0.479537,1.72907,5.63846
hMOF-1000428,11.25,10.75,0.698052,2749.6,"V,O,C,H,F",0.0719072,0.340041,0.703252,2.53896,6.67362
hMOF-6004632,12.25,11.75,0.742317,2822.5,"V,O,C,N,H,Cl",0.035822,0.199791,0.40746,1.42069,5.03231
hMOF-1002011,4.25,2.75,0.38693,230.5,"V,O,C,N,H",0.170468,0.859698,1.26764,3.01409,4.41349
hMOF-1002544,7.25,6.25,0.451354,762.9,"V,O,C,H,Cl",0.106897,0.531825,1.00977,2.72773,4.08974
hMOF-6000206,7.25,6.25,0.658251,2694.6,"V,O,C",0.0137441,0.0605397,0.112571,0.53144,3.57348
hMOF-1002377,10.25,9.25,0.668038,1968.0,"V,O,C,N,H,F",0.0596892,0.275539,0.545742,2.30678,6.37542
hMOF-1000433,9.75,9.25,0.705202,2329.6,"V,O,C,H,Cl",0.196668,0.850996,1.33924,3.41202,6.84316
hMOF-1002707,4.25,3.25,0.246098,114.8,"V,O,C,H",1.42175,1.67932,1.7168,1.77993,1.82246
hMOF-6001483,7.25,6.25,0.554001,1364.5,"V,O,C,H",0.0620541,0.279651,0.590738,2.79243,6.60182
hMOF-1000436,4.75,4.25,0.554403,533.2,"V,O,C,H,Br",1.00124,2.09331,2.35607,2.8068,3.02248
hMOF-6001493,6.25,5.75,0.452716,1047.8,"V,O,C,H",0.0518651,0.221657,0.501993,2.103,5.27869
hMOF-1000437,12.25,11.75,0.773656,1508.4,"V,O,C,H,Br",0.0179909,0.100861,0.184519,0.955316,4.42013
hMOF-6003889,11.25,10.25,0.721077,1932.7,"V,O,C,N,H,Br",0.0514099,0.315218,0.593159,1.97703,4.65782
hMOF-1002830,13.25,12.25,0.747695,4012.0,"V,O,C,H",0.149056,0.65803,1.16864,3.22263,6.75251
hMOF-6004070,9.25,8.75,0.737614,3036.8,"V,O,C,H",0.0163189,0.0811281,0.156195,0.832729,4.27042
hMOF-1000770,13.25,11.75,0.758162,2528.1,"V,O,C,H,Cl",0.0345383,0.140312,0.260204,1.30353,5.23961
hMOF-1000441,15.25,13.75,0.738456,2754.2,"V,O,C,H,F",0.0367998,0.15974,0.390019,1.56866,5.10376
hMOF-6001913,4.75,3.75,0.493869,1190.0,"V,O,C,H",0.0433056,0.227766,0.426889,1.8901,4.64014
hMOF-1001945,14.25,13.25,0.695028,1648.7,"V,O,C,H,N",0.043698,0.234002,0.504986,1.68653,5.28925
hMOF-6004621,7.75,3.75,0.633403,2701.5,"V,O,C,N,H",0.449675,1.45101,1.91712,3.75134,7.47752
hMOF-1000447,12.25,10.25,0.753754,2447.0,"V,O,C,H,Cl",0.0378155,0.162023,0.331707,1.50818,6.03182
hMOF-6003670,5.75,4.75,0.419046,1213.6,"V,O,C,H,F",0.0629359,0.274562,0.607734,2.43988,5.17088
hMOF-6001504,3.75,2.75,0.186701,69.1,"V,O,C,H,F",0.010123,0.0616182,0.0919872,0.379539,1.38744
hMOF-6004288,6.75,5.75,0.623853,1045.4,"V,O,C,N,H",0.297437,1.3104,2.20624,4.22679,6.07261
hMOF-1002234,7.75,7.25,0.653315,1468.1,"V,O,C,H,F",0.0955461,0.40597,0.908695,4.19496,7.89323
hMOF-6000490,5.25,4.25,0.376777,1137.9,"V,O,C",0.00977764,0.055523,0.088348,0.469327,1.8148
hMOF-6002665,7.75,6.75,0.641801,1840.8,"V,O,C,H,Br",0.0048104,0.0327107,0.0676663,0.33598,2.08429
hMOF-6002224,4.25,3.25,0.184734,150.2,"V,O,C,H,F",0.405992,0.914098,1.22266,1.74507,2.12048
hMOF-6003182,4.25,2.75,0.17247,120.0,"V,O,C,H,F",0.0577403,0.298198,0.728781,2.26858,2.77704
hMOF-6003758,13.75,12.75,0.814733,1390.1,"V,O,C,H,Br",0.0289015,0.142966,0.31281,1.51646,5.59109
hMOF-6001566,3.75,2.25,0.134216,1.1,"V,O,C,H,N",0.00186345,0.00401359,0.0170578,0.0940328,0.330835
hMOF-1000744,13.75,13.25,0.786201,1906.3,"V,O,C,N,H,Cl",0.0313215,0.170484,0.32762,1.74607,6.26852
hMOF-1001565,4.75,3.25,0.357132,484.0,"V,O,C,H",0.528822,1.4454,1.7558,2.99566,3.64671
hMOF-6002708,5.75,4.25,0.425527,1406.9,"V,O,C,H,F",0.0838835,0.363379,0.695259,2.40739,5.54188
hMOF-1001224,8.25,7.25,0.607611,1987.2,"V,O,C,H",0.0117735,0.073056,0.143093,0.710636,4.45189
hMOF-6004450,6.25,5.25,0.557122,1032.8,"V,O,C,H",0.236772,1.28928,2.11133,4.53023,6.4748
hMOF-6003765,7.75,7.25,0.744094,1729.8,"V,O,C,H,N",0.0467268,0.26426,0.512945,2.64033,8.86374
hMOF-1001478,8.25,7.25,0.716029,1838.5,"V,O,C,H,Cl",0.0352417,0.170838,0.380778,1.73154,7.98459
hMOF-6002425,9.75,8.75,0.686649,3580.4,"V,O,C,H",0.0237,0.119906,0.236598,1.18741,4.67492
hMOF-1002653,3.75,2.75,0.441742,381.9,"V,O,C,H",2.17911,2.58452,3.07041,3.75141,4.97474
hMOF-6002543,10.25,9.25,0.577648,1861.7,"V,O,C,H,F",0.0339652,0.149778,0.329336,1.4025,5.44884
hMOF-6000889,5.25,4.25,0.426517,883.9,"V,O,C,H,Cl",0.116304,0.650539,1.18945,3.40096,4.59758
hMOF-6003331,10.25,9.75,0.714229,1829.7,"V,O,C,N,H,Br",0.0167245,0.0991122,0.170612,0.891561,3.49003
hMOF-1000469,7.75,7.25,0.659828,1014.0,"V,O,C,H,Br",0.043054,0.237617,0.440791,2.0954,5.1959
hMOF-6003718,5.25,4.75,0.366597,880.3,"V,O,C,H",0.0547479,0.306904,0.540109,2.23168,4.74289
hMOF-6002974,3.75,2.75,0.187759,101.0,"V,O,C,H,Br",0.0900381,0.32521,0.496,0.809173,1.32368
hMOF-6003978,10.25,9.75,0.749199,1986.4,"V,O,C,H,F",0.0487466,0.241699,0.44991,2.21471,8.53109
hMOF-6000137,7.75,6.75,0.63302,1816.6,"V,O,C,H,N",0.0220551,0.126817,0.261674,1.47172,5.77153
hMOF-1001969,4.25,2.75,0.265404,48.7,"V,O,C,H",0.396654,1.14163,1.51157,2.36205,3.2862
hMOF-6003873,5.75,4.75,0.581334,1009.4,"V,O,C,H",0.475929,1.67693,2.47499,4.02156,4.94678
hMOF-6002060,7.75,7.25,0.54392,1578.6,"V,O,C,H",0.0126102,0.05388,0.128395,0.735213,3.74408
hMOF-1001309,4.25,3.25,0.341519,153.1,"V,O,C,H",0.170131,0.773761,1.08615,2.79227,3.85992
hMOF-6002182,6.25,5.25,0.429174,443.4,"V,O,C,H,Br",0.0806239,0.391459,0.615193,1.46488,1.97763
hMOF-6000309,4.25,2.75,0.29762,73.3,"V,O,C,H",0.0138064,0.0807323,0.168368,0.658963,2.08874
hMOF-6002535,5.75,3.75,0.47331,1050.1,"V,O,C,H,N",0.0374895,0.202865,0.370676,1.77158,4.75614
hMOF-1002584,4.75,3.75,0.572856,1114.2,"V,O,C,H,Cl",0.945371,2.33095,2.88757,4.55472,5.66612
hMOF-1001574,6.25,5.75,0.541569,969.2,"V,O,C,H",0.331396,1.48506,2.51273,4.49166,5.56054
hMOF-6000319,8.25,7.75,0.705016,2461.7,"V,O,C,H",0.0160748,0.0836618,0.166776,0.887765,5.41957
hMOF-6003146,4.75,2.75,0.217104,298.1,"V,O,C,H,F",1.13323,1.62293,1.6693,2.00379,2.5717
hMOF-6004495,4.25,3.25,0.383043,427.9,"V,O,C,N,H",0.170049,0.899145,1.70708,3.60895,4.63743
hMOF-6000098,8.75,7.75,0.723157,3015.2,"V,O,C,H",0.0147813,0.0780455,0.160033,0.742614,4.73101
hMOF-6003158,4.25,2.75,0.207035,119.9,"V,O,C,H",0.178719,0.653616,0.97443,1.72808,2.18753
hMOF-6003668,8.75,8.25,0.678392,2945.7,"V,O,C,H,N",0.014828,0.0821372,0.189099,0.87352,4.13735
hMOF-6001955,11.25,10.75,0.74046,3592.1,"V,O,C,H",0.00709488,0.0349286,0.0739505,0.380667,1.89706
hMOF-1003108,5.75,4.75,0.410063,665.6,"V,O,C,H,Cl",0.200787,0.718784,1.07828,2.58686,4.07791
hMOF-1002013,5.25,4.25,0.365558,651.5,"V,O,C,N,H",0.0516302,0.247644,0.460605,1.69939,3.36896
hMOF-6003369,5.25,3.75,0.477479,1134.8,"V,O,C,H,Cl",0.147232,0.61437,1.15819,3.09332,5.04505
hMOF-6000353,4.25,3.25,0.394795,382.6,"V,O,C,H",0.623083,1.40017,1.85783,2.54111,4.16524
hMOF-1000616,12.75,12.25,0.803874,1954.2,"V,O,C,N,H,Cl",0.0482209,0.23687,0.437399,1.98882,6.87277
hMOF-6001484,6.75,3.75,0.497742,1103.5,"V,O,C,H",0.662182,1.68444,2.07554,4.2754,6.40259
hMOF-6003851,14.25,13.25,0.779812,2807.2,"V,O,C,H",0.0213843,0.10786,0.228662,1.14819,5.50797
hMOF-6002521,4.25,3.25,0.344678,265.3,"V,O,C,H",0.205379,0.75373,1.12959,2.84358,3.49866
hMOF-1001394,5.25,3.25,0.347134,465.1,"V,O,C,H,Cl",0.237869,0.929676,1.29056,2.66407,3.77932
hMOF-6001547,11.25,10.25,0.726281,3311.5,"V,O,C,H,N",0.00672767,0.0377784,0.0864247,0.381407,2.05479
hMOF-6003706,5.75,4.75,0.480708,1660.1,"V,O,C,H,F",0.053812,0.198963,0.526437,2.37817,5.62424
hMOF-1000748,13.75,13.25,0.792343,1363.9,"V,O,C,N,H,Br",0.0188253,0.105556,0.183739,0.977669,4.05994
hMOF-6004180,11.25,10.25,0.699912,1822.8,"V,O,C,H",0.0432695,0.260119,0.48675,1.95315,6.61195
hMOF-6001437,7.75,7.25,0.690607,1840.9,"V,O,C,H",0.0394793,0.210412,0.451192,2.23774,8.15595
hMOF-6001666,10.25,9.25,0.695399,2820.0,"V,O,C,H",0.011858,0.06043,0.112195,0.552307,2.80714
hMOF-6003389,4.25,2.75,0.305881,269.4,"V,O,C,H",0.103165,0.506092,0.846023,2.23548,3.66404
hMOF-1000515,6.25,5.75,0.643351,2132.5,"V,O,C,H",0.0562285,0.276769,0.539169,2.61629,6.86654
hMOF-6004612,7.75,7.25,0.686457,2497.1,"V,O,C,N,H,Cl",0.446898,1.42761,2.0213,3.79504,7.50189
hMOF-1000516,6.75,3.25,0.520632,1895.7,"V,O,C,H",0.328433,1.34088,1.65822,3.29082,5.81616
hMOF-6005168,20.25,18.25,0.851544,3052.1,"V,O,C,N,H,Cl",0.0252095,0.128601,0.268081,1.10548,4.93202
hMOF-6002588,5.25,4.25,0.498809,1541.1,"V,O,C,H",0.797263,1.78153,2.15866,3.89233,6.67058
hMOF-6004254,11.75,10.75,0.736833,2678.7,"V,O,C,N,H",0.512052,1.40247,1.73311,2.80845,6.40309
hMOF-6004745,12.75,12.25,0.731372,2961.9,"V,O,C,N,H",0.0851883,0.37564,0.617818,2.07724,5.13253
hMOF-6001958,6.25,5.75,0.515187,817.9,"V,O,C,H,Cl",0.223696,1.06782,1.80535,3.28963,4.59557
hMOF-6000338,3.75,2.75,0.277181,18.3,"V,O,C,N,H",0.00850113,0.0363423,0.0810795,0.437808,1.68471
hMOF-1001160,6.25,4.75,0.510734,1492.2,"V,O,C,H",0.0702962,0.346274,0.686394,2.65422,5.29991
hMOF-1002952,6.25,3.75,0.595729,2110.9,"V,O,C,H,F",0.546741,1.39872,2.23163,5.181,8.19297
hMOF-6003114,5.75,4.75,0.39303,1465.0,"V,O,C,H",0.0176464,0.0622696,0.160846,0.647847,2.59585
hMOF-6003347,9.75,8.75,0.704064,2895.0,"V,O,C,N,H",0.0197043,0.103007,0.184548,0.974965,4.31333
hMOF-6002962,4.75,3.75,0.38161,471.1,"V,O,C,H",0.194484,0.931901,1.30743,2.4601,3.02458
hMOF-1002276,9.75,8.75,0.70733,1658.2,"V,O,C,H,Cl",0.0742281,0.290748,0.578091,2.55639,8.12251
hMOF-1002703,4.25,3.25,0.186216,62.6,"V,O,C,H",1.39418,1.57468,1.55115,1.58041,1.57903
hMOF-6003627,8.75,7.25,0.701602,3795.3,"V,O,C,H,N",0.00886542,0.0525593,0.119683,0.58554,3.02353
hMOF-1002994,7.25,3.75,0.687517,3182.8,"V,O,C,H,N",0.286977,0.977919,1.71247,3.4294,7.19528
hMOF-1001051,5.75,4.75,0.443908,679.8,"V,O,C,H,Br",0.407628,1.26377,1.72671,2.51383,2.81732
hMOF-1001490,8.75,8.25,0.639483,2357.9,"V,O,C,H",0.0226663,0.11274,0.193354,0.837077,3.68495
hMOF-6001452,10.75,10.25,0.75382,2461.6,"V,O,C,H,N",0.0153388,0.0877377,0.149297,0.840768,4.48382
hMOF-6003139,7.25,6.25,0.512594,1924.0,"V,O,C,H,N",0.0079271,0.0510598,0.097923,0.446948,2.56325
hMOF-6000862,7.25,6.75,0.699738,3406.7,"V,O,C",0.00954428,0.0508002,0.0966743,0.541561,2.72812
hMOF-6002252,6.25,4.75,0.446045,1556.8,"V,O,C,H",0.0183104,0.0780481,0.166167,0.867684,3.40047
hMOF-6004893,8.25,5.75,0.597253,2195.0,"V,O,C,N,H",0.0226213,0.125931,0.234318,1.12546,5.09853
hMOF-6001230,10.75,9.75,0.754336,2716.6,"V,O,C,H,Cl",0.0123479,0.0630394,0.127812,0.631478,3.85385
hMOF-1002643,7.25,6.75,0.595744,2088.5,"V,O,C,H",0.674688,1.5766,2.15523,3.31475,6.55853
hMOF-6003098,4.75,3.25,0.239059,280.9,"V,O,C,H,F",0.0200921,0.0918208,0.196701,0.929962,1.89981
hMOF-6000037,8.75,7.75,0.658784,2458.4,"V,O,C,H",0.0141111,0.0659478,0.122968,0.697491,4.31944
hMOF-6004856,12.75,12.25,0.741961,3537.3,"V,O,C,N,H",0.0419915,0.199715,0.361829,1.47585,4.91446
hMOF-6000898,4.75,3.75,0.392187,852.4,"V,O,C,H",0.119928,0.512357,0.953811,2.90168,4.65942
hMOF-6000323,9.25,8.75,0.7242,2620.9,"V,O,C,N,H,F",0.0137268,0.0710926,0.147307,0.743502,4.16967
hMOF-1000966,6.25,5.25,0.622939,1854.6,"V,O,C,H,N",0.0450809,0.209113,0.413986,1.96392,5.88194
hMOF-1000833,5.75,5.25,0.551384,1399.0,"V,O,C,H",0.0588521,0.290923,0.566375,2.63014,5.65951
hMOF-6000505,5.25,2.25,0.450324,888.5,"V,O,C,H",0.48288,0.999256,1.36283,2.75388,4.75666
hMOF-6003625,8.25,7.25,0.713632,3956.1,"V,O,C,H",0.0169992,0.0798962,0.190816,0.853784,4.37984
hMOF-1001190,6.75,5.75,0.595171,1781.7,"V,O,C,H,N",0.0270671,0.109485,0.267022,1.25725,4.80973
hMOF-6004397,13.75,12.75,0.783839,2400.4,"V,O,C,N,H",0.0236034,0.108428,0.204464,1.01008,4.94476
hMOF-6005037,17.75,16.25,0.84008,3201.9,"V,O,C,N,H",0.0451581,0.22151,0.449902,1.76373,6.49408
hMOF-1000553,13.25,12.25,0.795743,2240.0,"V,O,C,H",0.082785,0.471073,0.806366,2.90578,8.51612
hMOF-6004542,8.25,7.75,0.620566,1980.9,"V,O,C,N,H",0.233904,0.744915,1.0977,2.65123,6.17424
hMOF-6003890,3.75,3.25,0.378936,214.3,"V,O,C,N,H,Br",1.08401,1.82935,2.22957,2.71387,3.12376
hMOF-6002489,4.25,2.75,0.282558,107.0,"V,O,C,H",0.403775,0.848828,1.0573,1.32879,2.24701
hMOF-6002818,3.25,2.25,0.106322,0.0,"V,O,C,H",0.0183812,0.250869,0.258698,0.82358,1.25401
hMOF-6001287,4.75,3.75,0.47767,1316.4,"V,O,C",0.0279433,0.143571,0.28659,1.25084,3.76023
hMOF-6002352,9.25,8.25,0.676909,2257.4,"V,O,C,H,F",0.0382851,0.241502,0.457124,1.8948,6.8613
hMOF-1001666,5.75,2.75,0.334268,613.4,"V,O,C,H,F",0.0797771,0.344688,0.6242,1.89911,3.0042
hMOF-7000464,12.75,11.25,0.708513,1716.8,"Zr,O,C,H,Br",0.0245261,0.115285,0.249308,1.01831,3.44423
hMOF-7000304,15.75,14.25,0.74269,2902.2,"Zr,O,C,H,F",0.0238862,0.152485,0.272907,1.1283,4.70558
hMOF-1003949,7.25,6.25,0.425076,545.8,"Zr,O,C,H",0.502379,1.49849,1.91639,2.94099,3.76399
hMOF-1003869,10.75,9.25,0.648512,2038.3,"Zr,O,C,H",0.0309673,0.181871,0.441408,1.52332,5.21211
hMOF-1003898,9.25,8.25,0.627393,1672.9,"Zr,O,C,N,H,F",0.0777685,0.355965,0.699867,2.65234,6.46814
hMOF-7001313,4.75,3.25,0.106726,44.7,"Zr,O,C,H,Br",0.0710769,0.193412,0.212368,0.239399,0.289085
hMOF-1003785,7.25,6.25,0.423009,736.6,"Zr,O,C,H,Br",0.0265467,0.132857,0.259645,0.930042,2.70987
hMOF-7002771,9.25,8.25,0.498869,1335.5,"Zr,O,C,N,H",0.0583029,0.234184,0.44707,1.31184,3.20608
hMOF-7003246,9.75,8.75,0.610036,1585.1,"Zr,O,C,N,H,F",0.19264,0.944053,1.3145,2.91069,6.54515
hMOF-1003169,7.75,6.75,0.471095,520.3,"Zr,O,C,H,Br",0.154503,0.585319,0.891792,2.11045,3.10343
hMOF-7003096,10.25,8.25,0.683726,2564.1,"Zr,O,C,N,H",0.0415607,0.217057,0.381106,1.67423,4.91019
hMOF-1003876,5.75,2.25,0.254592,227.7,"Zr,O,C,H,Cl",0.328098,0.793403,1.07606,1.93026,2.14547
hMOF-7002431,9.75,8.75,0.618394,1504.7,"Zr,O,C,N,H",0.0678566,0.350715,0.652234,2.63151,6.7884
hMOF-7003075,12.25,11.25,0.715181,2791.5,"Zr,O,C,N,H",0.0302473,0.150576,0.332314,1.43321,7.01931
hMOF-7001266,4.75,4.25,0.405056,648.5,"Zr,O,C,H,N",0.227462,0.784433,1.25381,2.33331,3.33992
hMOF-7001813,12.75,11.75,0.693174,2556.9,"Zr,O,C,H",0.0241829,0.124219,0.240828,1.19723,4.40419
hMOF-7000822,10.75,9.75,0.546504,949.3,"Zr,O,C,H,Cl",0.125518,0.60015,1.04169,3.12106,5.2881
hMOF-7001707,8.25,7.25,0.531819,1152.2,"Zr,O,C,H,F",0.102302,0.435632,1.05334,3.74167,6.74276
hMOF-7000039,4.75,2.25,0.268091,354.6,"Zr,O,C,H,F",0.119908,0.535116,0.716466,1.47135,2.31952
hMOF-7000255,5.75,3.75,0.36046,733.0,"Zr,O,C,H",0.252506,0.604154,0.745206,1.68176,3.22263
hMOF-1004406,6.75,5.25,0.486115,602.9,"Zr,O,C,H",0.778831,2.14795,2.8821,3.63948,4.32955
hMOF-7002872,15.75,11.25,0.833841,4348.3,"Zr,O,C,N,H",0.0135392,0.0681054,0.12939,0.619224,2.82902
hMOF-1004315,10.25,8.75,0.604421,1373.3,"Zr,O,C,H,Br",0.0196594,0.106802,0.166422,0.770258,2.93511
hMOF-1004138,9.75,8.25,0.497972,434.3,"Zr,O,C,H,Br",0.206095,0.802819,1.31289,2.37472,3.02045
hMOF-7001635,15.75,14.25,0.756896,2999.9,"Zr,O,C,H,F",0.0258532,0.125246,0.238936,1.08556,5.00318
hMOF-7001192,11.75,10.75,0.55416,1495.6,"Zr,O,C,N,H",0.0325023,0.175873,0.311661,1.32723,4.30177
hMOF-1003187,10.75,10.25,0.537307,838.5,"Zr,O,C,H,N",0.0995205,0.547125,0.919049,3.54003,5.22541
hMOF-7001168,8.25,5.75,0.557731,1998.9,"Zr,O,C,H,N",0.0339429,0.193781,0.310773,1.24096,4.2616
hMOF-7002341,15.75,14.25,0.782705,2373.6,"Zr,O,C,N,H,Br",0.0176804,0.110077,0.164498,0.731857,2.32847
hMOF-7002767,11.75,10.75,0.732277,3011.1,"Zr,O,C,N,H",0.0318021,0.116677,0.28112,1.22724,4.15667
hMOF-1003191,10.75,9.75,0.613465,688.9,"Zr,O,C,H",0.835498,2.36381,3.25616,4.50315,5.35449
hMOF-7002606,9.25,8.75,0.51839,733.1,"Zr,O,C,N,H,Br",0.139287,0.328771,0.463813,1.19958,3.24772
hMOF-7000326,15.25,14.75,0.706264,2512.8,"Zr,O,C,H,N",0.0253837,0.11162,0.209696,0.960587,3.88079
hMOF-7000651,6.75,5.25,0.379125,688.6,"Zr,O,C,H",0.059511,0.247332,0.52631,1.7097,3.22985
hMOF-7001489,8.25,6.25,0.561192,1350.2,"Zr,O,C,H",0.236428,0.917642,1.6814,4.15234,7.02358
hMOF-7002628,5.75,4.75,0.471779,681.3,"Zr,O,C,H",0.896526,2.16682,2.59195,3.98943,4.55227
hMOF-7001771,12.25,10.75,0.736384,2448.9,"Zr,O,C,H,Cl",0.0420729,0.275105,0.437773,1.99696,7.21229
hMOF-1003824,4.25,2.75,0.197931,64.0,"Zr,O,C,H,F",0.126707,0.471482,0.723069,1.11094,1.44204
hMOF-7000274,7.25,6.25,0.474532,880.9,"Zr,O,C,H,N",0.0918427,0.505931,0.952825,3.172,5.05329
hMOF-1004104,7.25,4.75,0.637154,2043.0,"Zr,O,C,N,H",0.122396,0.572587,1.19003,3.6627,7.82205
hMOF-7001768,10.75,10.25,0.617143,2116.5,"Zr,O,C,H",0.0417035,0.180861,0.316385,1.36546,4.54631
hMOF-7002385,11.25,9.25,0.59751,1316.0,"Zr,O,C,N,H",0.0750547,0.455633,0.841701,3.14482,6.62155
hMOF-7000584,4.25,3.25,0.289145,193.3,"Zr,O,C,H",1.17901,1.61359,1.82069,2.3222,2.53503
hMOF-7001065,9.25,8.25,0.48624,877.6,"Zr,O,C,H",0.0718388,0.332282,0.652703,2.45601,4.79607
hMOF-7001115,6.25,2.75,0.251139,301.7,"Zr,O,C,H,N",0.20084,0.710214,0.878622,1.54978,2.16388
hMOF-1003206,7.75,7.25,0.417687,626.6,"Zr,O,C,H,N",0.104752,0.511496,0.887427,2.61801,3.98316
hMOF-7003045,8.75,6.75,0.546989,1203.1,"Zr,O,C,N,H",0.198807,0.841875,1.48014,4.12857,6.80134
hMOF-1003983,13.75,13.25,0.698012,2405.5,"Zr,O,C,H",0.0245614,0.145354,0.283046,1.1593,3.9173
hMOF-7000432,8.25,7.25,0.423199,707.5,"Zr,O,C,H,F",0.0980176,0.54529,1.00585,3.41574,5.23232
hMOF-1003208,7.25,6.75,0.423035,842.9,"Zr,O,C,H",0.0461564,0.213765,0.378414,1.45077,3.5475
hMOF-7000569,9.25,8.25,0.497991,958.3,"Zr,O,C,H,F",0.166501,0.669788,1.40781,4.16557,6.64575
hMOF-1003212,8.25,7.25,0.584869,1833.1,"Zr,O,C,H",0.0401967,0.238196,0.437846,2.03352,5.7849
hMOF-7001987,15.75,13.75,0.702353,2696.2,"Zr,O,C,N,H",0.0232212,0.127945,0.199026,0.908965,3.83891
hMOF-1003214,8.75,6.75,0.641677,1911.1,"Zr,O,C,H,Cl",0.0695957,0.276996,0.557365,1.97206,5.85942
hMOF-7000364,6.25,4.25,0.553817,1969.4,"Zr,O,C,H,F",0.106221,0.570293,1.03448,3.94436,7.69709
hMOF-7001649,14.25,13.75,0.751061,3697.9,"Zr,O,C,H",0.0160546,0.0567628,0.138316,0.630062,2.79473
hMOF-7001351,5.25,4.75,0.183207,211.7,"Zr,O,C,H,N",0.147345,0.761318,0.989267,1.4218,1.76473
hMOF-7002215,10.25,5.25,0.639026,2510.8,"Zr,O,C,N,H",0.0793566,0.354145,0.735759,1.96921,6.0588
hMOF-7003349,20.25,19.25,0.784315,3285.3,"Zr,O,C,N,H",0.11113,0.433249,0.829376,2.12529,5.7179
hMOF-7002207,11.25,7.75,0.758272,2892.3,"Zr,O,C,N,H,Br",0.0137556,0.0616408,0.120262,0.582644,2.55823
hMOF-1003998,9.75,8.75,0.55159,454.1,"Zr,O,C,H,Br",0.206845,1.02251,1.43442,2.5482,3.06906
hMOF-7001088,7.25,6.25,0.306463,410.4,"Zr,O,C,H,N",0.0888948,0.527841,0.80417,1.77993,2.63559
hMOF-1003223,8.25,7.75,0.501253,1214.7,"Zr,O,C,H",0.619451,0.984954,1.36357,2.73306,5.7549
hMOF-7002581,13.25,11.75,0.70232,2045.6,"Zr,O,C,N,H,F",0.0820927,0.292663,0.501396,2.07564,6.27383
hMOF-1003225,8.25,6.25,0.48698,1211.6,"Zr,O,C,H,N",0.631128,1.03307,1.12278,2.03242,4.76362
hMOF-7000505,6.75,5.25,0.467725,820.1,"Zr,O,C,H",0.139239,0.638618,1.21293,3.63677,5.19184
hMOF-1004303,5.25,3.75,0.259103,145.9,"Zr,O,C,H",0.769597,1.22851,1.34771,1.54195,1.64602
hMOF-1003928,11.75,10.75,0.693374,2654.2,"Zr,O,C,H,N",0.031042,0.132554,0.29919,1.20318,4.60388
hMOF-1003797,8.25,6.25,0.616283,2491.2,"Zr,O,C,H",0.0245021,0.10539,0.214368,1.16247,3.94828
hMOF-7002925,18.25,17.25,0.836592,2583.2,"Zr,O,C,N,H,Br",0.0221669,0.104369,0.217179,0.808218,2.73943
hMOF-7003331,24.25,22.25,0.885426,3916.1,"Zr,O,C,N,H,F",0.0261307,0.108577,0.17835,0.819762,3.89665
hMOF-7001374,18.25,16.25,0.81984,4313.7,"Zr,O,C,H",0.0205237,0.0894855,0.173016,0.927395,3.17155
hMOF-7001403,6.75,5.75,0.29642,314.5,"Zr,O,C,H,Br",0.234785,0.428148,0.534998,1.15377,1.88095
hMOF-7001913,14.25,12.25,0.736707,3228.6,"Zr,O,C,N,H",0.0259604,0.112495,0.236889,1.01542,3.85747
hMOF-7001142,7.75,5.25,0.360146,557.6,"Zr,O,C,H",0.215378,0.7987,1.33136,2.82162,3.423
hMOF-7000616,8.25,4.25,0.50891,960.1,"Zr,O,C,H,Cl",0.190993,0.718818,1.18092,3.25074,5.33834
hMOF-7000728,7.75,6.75,0.595095,2060.9,"Zr,O,C,N,H,F",0.0731848,0.370949,0.488363,2.45236,7.36679
hMOF-7003112,10.25,9.25,0.618441,1183.5,"Zr,O,C,N,H,Cl",0.277436,0.952356,1.46091,3.04295,6.01965
hMOF-7001399,10.75,7.25,0.712489,3093.8,"Zr,O,C,H,N",0.0291669,0.167047,0.297395,1.29783,4.6322
hMOF-7003193,14.25,10.75,0.864376,3550.9,"Zr,O,C,N,H",0.337632,0.743359,1.06491,2.57978,7.11377
hMOF-7001384,13.75,12.25,0.710882,2016.3,"Zr,O,C,H,Br",0.023604,0.117729,0.196117,0.766322,3.1339
hMOF-1004127,5.25,4.25,0.394123,693.4,"Zr,O,C,H,N",0.0872414,0.406504,0.706372,1.82305,3.53927
hMOF-7003288,11.75,3.75,0.698981,1667.9,"Zr,O,C,N,H,Br",0.0372732,0.188044,0.31039,1.4745,5.11441
hMOF-1003863,10.25,8.75,0.662548,1553.2,"Zr,O,C,H,Cl",0.0825181,0.361071,0.679406,2.38968,6.96441
hMOF-7000625,8.25,6.75,0.588169,1317.2,"Zr,O,C,H,Cl",0.119933,0.553641,0.927808,3.21685,6.57706
hMOF-7002491,14.25,12.75,0.824609,4017.7,"Zr,O,C,N,H",0.0293036,0.143695,0.272237,1.1272,4.11231
hMOF-7002043,9.25,6.25,0.721473,3478.4,"Zr,O,C,N,H",0.0289013,0.124972,0.250265,1.08232,4.26987
hMOF-7002228,9.75,7.75,0.705144,3131.3,"Zr,O,C,N,H",0.0756618,0.310977,0.606736,2.09605,6.47712
hMOF-7002016,12.75,11.25,0.737464,3313.9,"Zr,O,C,N,H",0.0199578,0.0954626,0.150193,0.684156,2.56027
hMOF-1003251,10.75,7.75,0.784196,3997.5,"Zr,O,C,H",0.0480244,0.208698,0.49303,1.65897,6.06503
hMOF-7000287,5.75,4.75,0.488755,1158.2,"Zr,O,C,H",0.108374,0.506792,1.00142,3.01643,5.42027
hMOF-7001992,17.25,16.25,0.768892,2572.0,"Zr,O,C,N,H,Cl",0.0281194,0.158907,0.289657,1.13051,3.91971
hMOF-1004612,7.75,6.75,0.404847,349.9,"Zr,O,C,H,Cl",1.29582,1.92685,2.0721,2.50384,2.82257
hMOF-7003015,17.25,15.25,0.819998,3688.0,"Zr,O,C,N,H",0.0222353,0.0976796,0.286147,1.05048,3.36488
hMOF-7000912,5.75,3.25,0.256484,219.7,"Zr,O,C,H,Br",0.296989,0.586676,0.656619,1.03654,1.59618
hMOF-7001298,9.75,8.75,0.52941,1145.4,"Zr,O,C,H,N",0.0537337,0.199515,0.402637,1.66951,4.86243
hMOF-1004441,15.75,14.75,0.734332,2009.4,"Zr,O,C,N,H,Cl",0.0496698,0.215562,0.407465,1.80868,6.6033
hMOF-1004510,9.75,8.75,0.613646,1147.3,"Zr,O,C,H",0.205503,0.804379,1.64195,4.35918,7.1766
hMOF-1003259,11.75,8.25,0.745165,3599.2,"Zr,O,C,H",0.0168845,0.0749352,0.161196,0.679641,2.73971
hMOF-1003260,16.75,15.75,0.76757,3612.1,"Zr,O,C,H",0.0184569,0.08363,0.170527,0.759205,2.8277
hMOF-7001984,9.75,5.25,0.700876,2798.9,"Zr,O,C,N,H",0.12841,0.561467,0.977228,3.24231,9.70606
hMOF-7000858,4.25,3.25,0.130448,68.5,"Zr,O,C,H,N",0.0799578,0.242344,0.305217,0.378131,0.417295
hMOF-7003044,11.25,8.75,0.653517,2293.7,"Zr,O,C,N,H",0.0709869,0.351319,0.632315,2.54463,6.7658
hMOF-7002727,9.25,8.25,0.540191,1055.8,"Zr,O,C,N,H,Cl",0.0779253,0.416731,0.70065,2.28182,4.98519
hMOF-7002597,8.75,7.75,0.628849,2098.9,"Zr,O,C,N,H",0.0367647,0.207165,0.351087,1.46551,5.20915
hMOF-7002824,11.75,9.75,0.789132,2638.0,"Zr,O,C,N,H,Br",0.0115172,0.0574108,0.0918122,0.483948,2.08249
hMOF-7001419,3.25,2.75,0.143216,37.6,"Zr,O,C,H",0.0681822,0.256832,0.419063,0.862995,1.13412
hMOF-1003267,4.75,3.75,0.338663,535.9,"Zr,O,C,H,Cl",0.490202,1.31818,1.87991,2.66348,3.62883
hMOF-7003155,6.25,4.25,0.491685,1309.0,"Zr,O,C,N,H",0.189671,0.805531,1.29924,3.49575,5.94092
hMOF-7003047,9.75,7.75,0.6058,1975.3,"Zr,O,C,N,H",0.0295285,0.169693,0.329528,1.3545,4.78013
hMOF-1004561,12.25,11.25,0.662609,2143.1,"Zr,O,C,H,F",0.03677,0.276981,0.399258,1.53816,5.69163
hMOF-7002005,10.25,7.75,0.748399,4231.8,"Zr,O,C,N,H",0.0175248,0.0884629,0.212069,0.82003,3.38937
hMOF-1003274,6.75,5.25,0.436254,426.3,"Zr,O,C,H,Br",0.276548,0.836276,1.31093,2.03176,2.71963
hMOF-7002915,10.25,9.25,0.731539,3093.6,"Zr,O,C,N,H",0.0211971,0.0956746,0.205647,0.827723,3.86133
hMOF-7002413,18.75,16.75,0.812826,3897.4,"Zr,O,C,N,H",0.0272945,0.114379,0.278271,1.11479,3.96253
hMOF-7001627,8.25,7.25,0.532897,1093.0,"Zr,O,C,H,N",0.106227,0.482581,1.04255,3.13575,5.65083
hMOF-7001534,12.25,11.25,0.674494,1389.0,"Zr,O,C,H,Br",0.0378656,0.187727,0.420478,1.48788,4.79635
hMOF-7001288,5.25,2.25,0.320194,349.5,"Zr,O,C,H,Br",0.212694,0.663172,0.948272,1.84822,2.4877
hMOF-7002661,8.25,6.25,0.635349,2367.5,"Zr,O,C,N,H",0.0289429,0.14515,0.290716,1.17288,5.18504
hMOF-7000783,4.75,4.25,0.225852,104.9,"Zr,O,C,H,Br",0.61916,0.731405,0.876509,0.940598,0.965551
hMOF-1003280,9.75,8.75,0.5264,772.5,"Zr,O,C,H",0.214955,1.1895,2.0025,3.90347,5.07508
hMOF-7000769,7.75,6.25,0.39258,601.2,"Zr,O,C,H,N",0.141779,0.670969,1.18318,2.94288,3.67564
hMOF-7003135,24.75,23.75,0.895113,4373.7,"Zr,O,C,N,H",0.0266809,0.158265,0.28779,1.24022,4.607
hMOF-7002735,18.25,16.75,0.873523,4465.6,"Zr,O,C,N,H",0.0231262,0.157236,0.290816,1.17434,4.80836
hMOF-7000365,9.75,8.75,0.551411,991.4,"Zr,O,C,H,Cl",0.130384,0.802856,1.08063,3.61587,5.93986
hMOF-7002762,8.75,7.25,0.536531,703.7,"Zr,O,C,N,H,Br",0.0567633,0.280871,0.472011,1.65089,3.44874
hMOF-7002114,11.25,10.25,0.65276,1148.0,"Zr,O,C,N,H,Br",0.0632004,0.235335,0.503699,1.66491,4.13603
hMOF-7003165,14.25,13.25,0.813331,3145.1,"Zr,O,C,N,H,Cl",0.0240755,0.10135,0.224122,1.09705,4.54342
hMOF-7000310,15.75,14.25,0.714471,1768.2,"Zr,O,C,H,Br",0.0257852,0.11625,0.22693,0.865656,3.34154
hMOF-7000253,7.25,6.25,0.392939,399.5,"Zr,O,C,H,Br",0.0700041,0.352549,0.609608,1.54964,2.35831
hMOF-1003809,9.25,7.25,0.531371,763.6,"Zr,O,C,N,H,Br",0.0693483,0.30204,0.614351,2.20473,4.32589
hMOF-1004336,7.75,6.75,0.390498,420.2,"Zr,O,C,H,N",0.424798,1.2258,1.52578,2.45899,2.90157
hMOF-7002327,15.25,14.25,0.749525,3231.2,"Zr,O,C,N,H",0.0160379,0.0783689,0.159512,0.716113,3.08916
hMOF-7000620,5.75,3.25,0.40444,644.7,"Zr,O,C,H",0.484408,1.2586,1.90797,3.42236,4.46932
hMOF-7002638,18.25,17.25,0.859794,3462.7,"Zr,O,C,N,H,Cl",0.0349382,0.157266,0.303046,1.21338,3.84779
hMOF-7002154,11.75,10.75,0.673157,2289.6,"Zr,O,C,N,H,F",0.061407,0.257125,0.536477,1.76178,5.39791
hMOF-7001954,9.25,6.75,0.612802,2446.2,"Zr,O,C,N,H",0.0174477,0.0714252,0.167748,0.696852,3.24312
hMOF-7003066,10.75,9.75,0.698858,2620.7,"Zr,O,C,N,H",0.0389064,0.183316,0.422339,1.55998,4.55796
hMOF-1004333,9.25,8.25,0.509402,800.9,"Zr,O,C,H,N",0.169321,0.749078,1.41326,3.62499,5.0703
hMOF-1003300,8.25,7.25,0.550514,939.1,"Zr,O,C,H,Cl",0.184445,0.767598,1.40938,3.43781,5.66182
hMOF-7000959,7.25,5.75,0.450441,607.7,"Zr,O,C,H,Br",0.0755519,0.362319,0.652713,2.03882,3.2478
hMOF-7000859,5.75,2.25,0.143505,114.8,"Zr,O,C,H,N",0.0487395,0.172495,0.26031,0.549769,0.813787
hMOF-1004421,12.75,11.75,0.724283,2795.8,"Zr,O,C,H,F",0.0267869,0.121909,0.254334,1.16523,5.36417
hMOF-7000889,13.25,12.25,0.73027,2704.9,"Zr,O,C,H,Cl",0.0236791,0.130473,0.256664,0.9984,4.31658
hMOF-7000539,14.75,13.75,0.732989,2154.2,"Zr,O,C,H,Cl",0.0272563,0.157678,0.377371,1.43783,5.34502
hMOF-7000254,5.75,3.25,0.312765,336.8,"Zr,O,C,H",0.250308,0.90756,1.4237,2.41369,3.08481
hMOF-7002820,18.75,17.75,0.815981,3265.9,"Zr,O,C,N,H,Cl",0.0254903,0.138489,0.230384,0.891334,3.64422
hMOF-1003309,7.25,6.25,0.494085,704.1,"Zr,O,C,H",0.226876,1.03859,1.57056,3.6957,5.07014
hMOF-7002933,17.75,16.75,0.870672,4162.6,"Zr,O,C,N,H",0.0344651,0.178481,0.286477,1.19099,4.36993
hMOF-7000394,6.75,5.25,0.409592,788.1,"Zr,O,C,H,N",0.0976611,0.541734,0.817284,2.49208,4.16857
hMOF-1004464,6.75,3.25,0.416248,738.1,"Zr,O,C,H,Cl",0.623185,1.31931,1.89324,3.43552,4.59622
hMOF-1004311,11.25,10.25,0.655646,2474.8,"Zr,O,C,H,F",0.054514,0.218056,0.447724,1.88118,6.71698
hMOF-7000844,5.25,1.75,0.187983,152.8,"Zr,O,C,H,F",0.239044,0.597198,1.02241,1.54123,2.04658
hMOF-7003050,9.25,8.75,0.58383,1791.4,"Zr,O,C,N,H",0.0948789,0.38906,0.681972,1.39714,3.96413
hMOF-7000588,7.75,3.25,0.486026,1048.0,"Zr,O,C,H",0.0561187,0.219391,0.562407,2.06121,5.36299
hMOF-7001580,7.25,5.75,0.506759,1282.8,"Zr,O,C,H",0.133794,0.625176,1.10158,3.20928,6.12363
hMOF-7000266,6.75,4.75,0.380885,757.2,"Zr,O,C,H,Cl",0.0315615,0.168284,0.299406,1.37796,3.00803
hMOF-7000482,10.75,7.25,0.697077,2669.2,"Zr,O,C,H,N",0.0291216,0.152093,0.294112,1.23718,4.09485
hMOF-7002100,7.25,3.75,0.519559,1479.9,"Zr,O,C,N,H",0.0762951,0.337989,0.726741,2.5347,6.12419
hMOF-7002737,9.25,8.25,0.563123,1255.5,"Zr,O,C,N,H",0.0737025,0.3484,0.683075,2.27362,5.57547
hMOF-7001283,10.25,9.75,0.558762,1104.9,"Zr,O,C,H,Cl",0.101335,0.466949,0.78223,2.43219,5.50382
hMOF-7003228,13.75,7.25,0.798017,4934.2,"Zr,O,C,N,H",0.0149363,0.0694215,0.139885,0.880397,3.24623
hMOF-7000471,13.25,12.25,0.729825,2939.3,"Zr,O,C,H,N",0.0312508,0.143909,0.33122,1.33616,4.6712
hMOF-7001250,5.75,3.75,0.194529,284.5,"Zr,O,C,H,N",0.050655,0.303617,0.505861,1.52698,2.21937
hMOF-7000315,9.75,8.25,0.740365,3516.2,"Zr,O,C,H",0.0365864,0.169383,0.406563,1.44216,5.89036
hMOF-1004597,13.25,12.25,0.742709,1614.5,"Zr,O,C,N,H,Br",0.0414635,0.171528,0.355847,1.22037,3.6764
hMOF-7001756,6.25,5.25,0.553923,1811.6,"Zr,O,C,H,F",0.0620891,0.335663,0.469315,1.9164,5.96028
hMOF-7000663,11.25,9.75,0.67955,1714.0,"Zr,O,C,H,Cl",0.0472179,0.253559,0.499729,1.97159,6.1688
hMOF-1003896,10.25,9.25,0.507569,1199.3,"Zr,O,C,N,H",0.0254433,0.125422,0.274685,1.25781,4.78449
hMOF-1003991,7.75,7.25,0.335975,366.6,"Zr,O,C,H,F",0.383075,1.3221,1.54339,2.63776,3.05542
hMOF-7002922,18.75,17.75,0.880138,3475.6,"Zr,O,C,N,H,Cl",0.0246255,0.160707,0.2904,1.08136,3.9411
hMOF-7000581,5.25,3.25,0.299293,498.6,"Zr,O,C,H,N",0.394801,0.877129,1.0747,1.77707,2.51363
hMOF-1003336,9.75,7.25,0.694061,2795.5,"Zr,O,C,H",0.0221273,0.1355,0.241478,1.10415,4.46575
hMOF-7000874,6.75,5.75,0.445104,836.7,"Zr,O,C,H",0.161851,0.731077,1.32718,3.63503,5.27871
hMOF-7002903,10.25,7.25,0.695312,2448.7,"Zr,O,C,N,H,F",0.1252,0.512167,1.01012,2.9305,8.2337
hMOF-7001797,7.25,6.75,0.620399,2264.6,"Zr,O,C,H,N",0.0462961,0.184973,0.426472,1.67979,6.27713
hMOF-7000466,12.25,10.75,0.746398,2685.8,"Zr,O,C,H",0.0693136,0.342883,0.714965,2.4188,7.86377
hMOF-7001640,15.25,14.25,0.761601,2372.3,"Zr,O,C,H,Cl",0.0385391,0.196458,0.404825,1.43833,5.54089
hMOF-1003343,5.75,4.75,0.421396,925.0,"Zr,O,C",0.0361759,0.144704,0.327346,1.09298,2.81439
hMOF-1004249,11.25,9.75,0.567895,555.4,"Zr,O,C,H,Br",0.163325,0.766161,1.29863,2.83455,3.76526
hMOF-1004350,6.75,3.75,0.3891,612.9,"Zr,O,C,H,Cl",0.466581,1.13517,1.66997,2.84598,3.74872
hMOF-7002949,8.75,6.75,0.50242,1191.0,"Zr,O,C,N,H",0.0620626,0.215107,0.414544,1.30412,3.97788
hMOF-7000890,10.75,9.25,0.733214,2676.1,"Zr,O,C,H,Cl",0.0286998,0.115804,0.253311,1.04108,4.20226
hMOF-7002611,7.75,3.75,0.486852,1191.9,"Zr,O,C,N,H",0.0796847,0.330177,0.641821,1.79447,4.38756
hMOF-1003787,9.25,7.75,0.562193,853.3,"Zr,O,C,H,Br",0.0765978,0.36278,0.672546,2.44324,4.58017
hMOF-7001944,11.75,10.25,0.767483,3742.9,"Zr,O,C,N,H",0.0191727,0.102553,0.207193,0.928131,3.33179
hMOF-7001281,11.25,9.75,0.566315,1465.9,"Zr,O,C,H,F",0.110587,0.38306,0.840989,2.98804,7.14675
hMOF-1004321,13.25,10.75,0.681672,2247.3,"Zr,O,C,N,H",0.0443975,0.196667,0.367798,1.63982,4.88145
hMOF-1003919,8.75,5.75,0.580412,1258.1,"Zr,O,C,H,Cl",0.23572,1.05964,1.7158,3.81094,6.48125
hMOF-7000428,6.75,4.25,0.510481,1498.7,"Zr,O,C,H,N",0.193522,0.500223,0.698698,1.65848,4.76566
hMOF-7002085,8.75,6.75,0.543703,1111.4,"Zr,O,C,N,H,Cl",0.0690169,0.341909,0.621599,2.43084,5.48069
hMOF-7001270,8.25,7.25,0.541527,1522.6,"Zr,O,C,H",0.0767035,0.37583,0.725787,2.73155,6.52892
hMOF-7002022,13.75,12.25,0.741278,2879.3,"Zr,O,C,N,H,Cl",0.0197406,0.0824529,0.179954,0.775662,3.29048
hMOF-7002721,9.25,7.75,0.550912,1706.2,"Zr,O,C,N,H",0.0241923,0.115912,0.281596,1.28269,4.75995
hMOF-7000706,9.75,6.25,0.607892,1708.0,"Zr,O,C,H,Cl",0.058494,0.21785,0.488988,1.62035,5.37218
hMOF-7003068,11.75,10.75,0.665591,2088.7,"Zr,O,C,N,H",0.0305139,0.166512,0.318189,1.22225,3.96854
hMOF-7001022,6.25,4.25,0.49778,1488.2,"Zr,O,C,H,N",0.0509252,0.240286,0.50246,1.83291,4.79504
hMOF-7003325,17.25,15.75,0.805512,3578.0,"Zr,O,C,N,H",0.0344769,0.171941,0.313228,1.14992,3.90931
hMOF-7002890,13.75,11.25,0.787971,3034.9,"Zr,O,C,N,H",0.0675913,0.286893,0.644738,2.54606,7.97997
hMOF-7002105,11.25,9.75,0.684406,2330.8,"Zr,O,C,N,H",0.0350935,0.263393,0.37599,1.46546,4.36253
hMOF-7002895,9.25,8.75,0.604413,1702.0,"Zr,O,C,N,H",0.161604,0.330673,0.547251,1.29334,3.64745
hMOF-7000152,10.25,9.25,0.543194,691.9,"Zr,O,C,H,Cl",0.209409,0.777778,1.50221,3.57803,4.50917
hMOF-7000086,11.25,10.25,0.632242,1903.0,"Zr,O,C,H,Br",0.0252252,0.119699,0.237982,0.952091,4.11139
hMOF-7001487,8.25,7.25,0.494415,1119.3,"Zr,O,C,H",0.074249,0.427212,0.806813,2.57668,5.50469
hMOF-7000093,12.25,11.25,0.674813,1987.4,"Zr,O,C,H",0.096719,0.438823,0.803879,2.82141,8.35357
hMOF-1003735,7.25,5.75,0.493176,953.5,"Zr,O,C,H,N",0.092385,0.421728,0.796335,2.72736,4.56588
hMOF-7003060,10.75,9.75,0.642811,1339.2,"Zr,O,C,N,H,Br",0.256712,0.400205,0.509223,1.14946,3.37044
hMOF-7000902,14.25,13.75,0.729635,3131.5,"Zr,O,C,H",0.0238939,0.11372,0.207208,1.00146,3.44481
hMOF-1004202,5.25,3.25,0.280604,249.9,"Zr,O,C,H",0.192119,0.547565,0.725811,1.43795,1.93558
hMOF-7000597,7.25,6.25,0.393775,753.4,"Zr,O,C,H",0.0475832,0.339044,0.564264,1.75583,3.56388
hMOF-7000711,8.25,5.75,0.604433,1152.4,"Zr,O,C,H,Br",0.0704488,0.243683,0.49501,1.32171,3.77892
hMOF-7000021,10.25,9.25,0.554201,1346.9,"Zr,O,C,H",0.224616,0.632273,0.97073,2.91689,7.11699
hMOF-7002739,9.75,8.25,0.519286,1298.9,"Zr,O,C,N,H",0.0368154,0.201563,0.326169,1.52494,4.52758
hMOF-7000187,6.75,3.75,0.437594,1071.3,"Zr,O,C,H,F",0.595509,1.11656,1.63993,3.6649,5.56422
hMOF-1004050,5.75,3.75,0.31504,386.9,"Zr,O,C,H,Cl",0.40333,0.908467,1.16438,2.06533,2.49292
hMOF-7002331,18.75,16.25,0.813236,4154.4,"Zr,O,C,N,H",0.0155541,0.0805746,0.155594,0.654332,2.92582
hMOF-1004462,6.25,5.25,0.37335,518.8,"Zr,O,C,H,Cl",0.460694,1.00242,1.3873,2.7488,3.74299
hMOF-7000680,5.75,4.75,0.288159,320.0,"Zr,O,C,H",0.331918,0.805288,1.11167,1.92369,2.62962
hMOF-7002459,13.75,10.25,0.735356,3524.8,"Zr,O,C,N,H",0.0399514,0.1826,0.310698,1.46643,5.28796
hMOF-7000064,8.25,7.75,0.497844,634.0,"Zr,O,C,H,N",0.208004,0.96936,1.48416,2.88572,3.98021
hMOF-7003271,9.25,7.75,0.633378,2301.1,"Zr,O,C,N,H",0.0809783,0.357421,0.580748,2.04351,5.98858
hMOF-7000018,9.75,8.25,0.671102,1631.9,"Zr,O,C,H,Br",0.0248704,0.137646,0.263093,1.07271,3.62699
hMOF-1004081,8.75,6.25,0.545999,1075.2,"Zr,O,C,H,Br",0.0226451,0.120811,0.191482,1.00391,3.2524
hMOF-1003389,7.25,6.75,0.423917,895.6,"Zr,O,C,H",0.0330286,0.150916,0.351407,1.4312,3.98042
hMOF-7000667,9.25,7.75,0.685975,1207.8,"Zr,O,C,H,Br",0.0374283,0.15532,0.345375,1.05734,3.61053
hMOF-7001009,6.75,3.25,0.468836,708.1,"Zr,O,C,H",0.84916,1.66571,2.23896,3.69514,5.17046
hMOF-7001991,10.75,8.25,0.76203,3714.9,"Zr,O,C,N,H,F",0.022767,0.125457,0.23179,1.00027,3.48842
hMOF-1003394,7.25,5.75,0.395855,686.5,"Zr,O,C,H,N",0.525598,0.85233,1.2613,2.67678,3.94737
hMOF-7002898,9.25,7.75,0.636632,1804.1,"Zr,O,C,N,H",0.0543025,0.285762,0.502208,1.98145,5.99035
hMOF-7001770,13.25,12.25,0.739768,2272.8,"Zr,O,C,H,Cl",0.031169,0.201891,0.387031,1.39698,6.19851
hMOF-7000907,7.25,5.25,0.355564,727.2,"Zr,O,C,H,F",0.299102,1.04104,1.46787,3.2604,4.7926
hMOF-7000731,5.75,3.75,0.309141,396.7,"Zr,O,C,N,H,Cl",0.322678,0.82643,1.27083,2.28498,3.07493
hMOF-7001232,6.75,5.25,0.367767,520.7,"Zr,O,C,H,N",0.160854,0.669513,1.24238,2.33737,2.99243
hMOF-1003398,7.25,6.25,0.510312,1052.9,"Zr,O,C,H,F",0.101298,0.448956,0.805022,2.5551,4.81338
hMOF-1003691,9.75,8.75,0.651938,1895.8,"Zr,O,C,N,H,F",0.0603474,0.302197,0.719268,2.60898,7.78906
hMOF-7001035,12.75,11.75,0.689144,2861.2,"Zr,O,C,H,F",0.0424959,0.202858,0.470288,1.67273,7.12076
hMOF-7000909,6.25,2.75,0.33307,321.5,"Zr,O,C,H,Br",0.377239,0.711012,0.975238,1.50156,2.04148
hMOF-7002955,11.75,9.75,0.795436,2881.8,"Zr,O,C,N,H",0.0785357,0.416168,0.796387,2.32925,6.50229
hMOF-1003403,7.75,3.25,0.474984,836.6,"Zr,O,C,H,Br",0.063376,0.29946,0.61571,2.06935,4.0626
hMOF-7000691,5.75,3.25,0.389087,391.1,"Zr,O,C,H",0.344368,1.14499,1.44239,2.10414,2.57726
hMOF-7002862,15.75,12.25,0.854175,4227.2,"Zr,O,C,N,H",0.0225113,0.109711,0.207788,1.1775,4.06835
hMOF-7001566,11.25,9.75,0.634117,2084.4,"Zr,O,C,H,N",0.0290647,0.129509,0.346585,1.34819,4.98405
hMOF-1004113,11.25,10.25,0.509846,895.9,"Zr,O,C,H,F",0.0810997,0.512048,0.82742,3.63211,6.04556
hMOF-7000077,9.25,8.25,0.591123,1617.9,"Zr,O,C,H",0.0540888,0.246058,0.520793,2.24783,6.61897
hMOF-7001330,6.25,5.25,0.168433,160.5,"Zr,O,C,H,Cl",0.16696,0.435762,0.636403,1.00999,1.51876
hMOF-1004077,12.25,11.25,0.67352,1667.8,"Zr,O,C,H,Cl",0.0835966,0.394839,0.69597,2.08503,6.16692
hMOF-7000549,7.25,5.25,0.558055,1728.9,"Zr,O,C,H",0.183793,0.663798,0.894492,2.9451,6.78363
hMOF-1003415,5.25,3.75,0.327548,435.4,"Zr,O,C,H",0.260332,0.872012,1.31041,1.99486,2.51697
hMOF-1004194,4.75,2.75,0.222954,85.8,"Zr,O,C,H,Cl",0.568639,0.771022,0.860963,0.971295,1.11343
hMOF-7002116,12.75,11.75,0.752623,2697.8,"Zr,O,C,N,H",0.0880033,0.350379,0.740162,2.43963,6.80109
hMOF-1004129,5.25,3.25,0.338238,346.8,"Zr,O,C,H",0.261733,0.83025,1.05384,1.90652,2.74772
hMOF-7000780,9.75,8.25,0.487624,818.2,"Zr,O,C,H,F",0.1491,0.600917,1.22051,3.70124,6.07786
hMOF-1003803,7.25,5.75,0.577642,1997.8,"Zr,O,C,N,H,F",0.052706,0.233215,0.565062,2.47737,7.42009
hMOF-1004427,11.75,10.75,0.733949,2857.0,"Zr,O,C,H",0.09103,0.340267,0.693342,2.47057,7.88685
hMOF-7003330,24.25,22.75,0.872566,3950.1,"Zr,O,C,N,H,F",0.0190034,0.0924315,0.19,0.832119,3.86611
hMOF-1004506,11.25,9.75,0.660177,659.7,"Zr,O,C,H,Br",0.171312,0.726662,1.37525,3.29561,4.82906
hMOF-7000674,10.75,9.75,0.669448,2185.8,"Zr,O,C,H",0.0337518,0.167351,0.309165,1.34008,4.63311
hMOF-7000514,6.25,4.25,0.440205,990.1,"Zr,O,C",0.02959,0.142106,0.393761,1.03259,3.00371
hMOF-1003776,8.25,7.25,0.489582,1208.2,"Zr,O,C,H,N",0.0410769,0.188779,0.442731,1.56604,4.90457
hMOF-1003424,8.75,7.75,0.558683,680.0,"Zr,O,C,H,Br",0.198981,0.698627,1.19824,2.53056,3.97556
hMOF-1004501,7.25,6.75,0.431949,778.6,"Zr,O,C,H,F",0.128899,0.584896,1.11732,3.54607,4.93915
hMOF-7001623,6.75,2.75,0.425627,975.1,"Zr,O,C,H",0.314672,0.840552,1.02791,2.12001,4.06169
hMOF-7002131,8.25,3.75,0.554421,1793.0,"Zr,O,C,N,H",0.147749,0.360038,0.527368,1.48863,4.6951
hMOF-7002539,11.25,9.25,0.667305,1502.0,"Zr,O,C,N,H,Cl",0.126158,0.541232,1.16066,3.18997,7.23636
hMOF-7002807,13.25,11.25,0.823053,3979.6,"Zr,O,C,N,H",0.0521716,0.249457,0.376647,1.53498,5.86842
hMOF-1003954,7.25,5.25,0.415238,563.8,"Zr,O,C,H",0.157337,0.674679,1.07339,2.32738,3.39354
hMOF-1004211,11.75,11.25,0.676559,1280.9,"Zr,O,C,H,Br",0.0796296,0.379941,0.647358,1.96126,5.12658
hMOF-7002609,10.75,8.75,0.664701,1318.3,"Zr,O,C,N,H",0.25955,1.34914,2.23312,5.8718,8.41698
hMOF-7002463,14.25,12.75,0.786203,3818.2,"Zr,O,C,N,H,F",0.0189713,0.119528,0.22119,1.02972,4.22515
hMOF-7003289,16.75,15.75,0.815595,2020.1,"Zr,O,C,N,H,Br",0.0292318,0.144038,0.266118,1.01322,3.23435
hMOF-1003701,7.75,4.75,0.59343,1898.1,"Zr,O,C,N,H",0.0463306,0.195669,0.362286,1.41209,4.8271
hMOF-1004624,8.75,7.25,0.618157,1644.1,"Zr,O,C,H",0.17701,0.808538,1.24571,3.91395,7.93169
hMOF-1003438,9.25,6.75,0.616741,2222.6,"Zr,O,C,H",0.0293514,0.143832,0.287916,1.1911,4.61085
hMOF-7001865,12.75,10.25,0.716383,3055.8,"Zr,O,C,H",0.0166785,0.102629,0.193697,0.67757,3.46608
hMOF-7001271,8.75,6.25,0.391937,722.0,"Zr,O,C,H,N",0.0620234,0.323887,0.585404,2.10203,3.87762
hMOF-1004593,10.75,8.75,0.656282,2426.1,"Zr,O,C,N,H,Cl",0.0409104,0.237776,0.390917,1.72731,5.21708
hMOF-7000190,9.75,8.75,0.554939,937.1,"Zr,O,C,H,Cl",0.191043,0.747577,1.19537,3.31128,5.56075
hMOF-1004280,7.25,3.25,0.544972,1076.1,"Zr,O,C,H,Br",0.0847948,0.433511,0.679161,2.35173,4.31077
hMOF-7000716,6.75,5.75,0.355378,524.0,"Zr,O,C,H,N",0.491923,0.949522,1.292,2.33556,3.41131
hMOF-7000059,7.75,6.75,0.448309,433.9,"Zr,O,C,H",0.630311,1.78844,2.17832,2.9515,3.32073
hMOF-7001664,10.25,9.25,0.63723,1584.2,"Zr,O,C,H,F",0.167057,0.45747,0.661686,2.05854,5.42009
hMOF-7002251,6.75,4.75,0.33774,366.9,"Zr,O,C,N,H,Br",0.062277,0.255764,0.414996,0.978751,1.64291
hMOF-1004564,11.75,10.25,0.679659,1673.2,"Zr,O,C,H",0.131322,0.572018,1.11388,3.64032,8.28532
hMOF-1004401,5.75,3.25,0.422622,475.4,"Zr,O,C,H,Br",0.243239,0.871029,1.28142,2.12328,2.87534
hMOF-7000896,14.25,13.25,0.751833,3170.7,"Zr,O,C,H",0.0552475,0.341147,0.494325,1.82036,6.27495
hMOF-1004435,15.75,14.25,0.709663,2053.7,"Zr,O,C,H,N",0.0332455,0.189626,0.285223,1.41335,4.85933
hMOF-7003280,18.25,17.25,0.87399,3928.1,"Zr,O,C,N,H,F",0.0249928,0.122667,0.262285,0.922193,3.88033
hMOF-7001761,10.75,9.75,0.638243,1590.7,"Zr,O,C,H,Cl",0.0862243,0.39284,0.789884,2.29814,5.93294
hMOF-7000224,10.75,8.25,0.732567,3537.7,"Zr,O,C,H,F",0.0237829,0.122179,0.26343,1.06053,5.39395
hMOF-7003160,10.75,6.75,0.739029,2608.5,"Zr,O,C,N,H",0.0544733,0.271279,0.51579,2.15175,7.02259
hMOF-7002619,7.75,6.25,0.464362,507.9,"Zr,O,C,N,H,Br",0.263445,0.460068,0.688296,1.60592,2.76123
hMOF-7000328,10.75,9.75,0.641753,1853.8,"Zr,O,C,H",0.168359,0.559396,0.869149,2.56585,7.07506
hMOF-7002758,9.75,6.75,0.559935,1205.9,"Zr,O,C,N,H,Cl",0.0810635,0.56538,1.06595,3.22525,5.86625
hMOF-7002671,12.75,11.75,0.778859,3434.0,"Zr,O,C,N,H",0.0415311,0.20496,0.47449,1.75968,6.08392
hMOF-7002406,13.25,11.75,0.796371,2454.0,"Zr,O,C,N,H,Br",0.0213041,0.103953,0.169791,0.67403,2.58074
hMOF-7001339,5.75,2.25,0.165293,210.3,"Zr,O,C,H,N",0.0591331,0.332811,0.586778,1.26744,1.48648
hMOF-1003462,15.75,14.75,0.772017,3509.8,"Zr,O,C,H,N",0.0324047,0.134565,0.340412,1.23563,4.09982
hMOF-7001967,5.75,4.25,0.319869,434.6,"Zr,O,C,N,H",0.362523,1.02578,1.51629,2.42516,3.54897
hMOF-7001604,6.75,2.25,0.298441,494.4,"Zr,O,C,H,N",0.0688629,0.327768,0.620058,1.71369,2.73695
hMOF-1003465,14.25,13.25,0.730668,3637.5,"Zr,O,C,H",0.00720424,0.0419802,0.0865398,0.446485,2.13966
hMOF-1003734,7.75,6.75,0.437977,766.4,"Zr,O,C,H,N",0.448554,0.748451,1.05497,2.81388,4.36966
hMOF-7001253,8.25,7.25,0.54185,686.6,"Zr,O,C,H,N",1.12329,1.87011,2.17607,3.18373,4.25856
hMOF-7000647,8.25,7.25,0.449375,715.9,"Zr,O,C,H",0.120245,0.605845,1.16196,3.04001,4.23489
hMOF-7001632,11.25,8.25,0.787806,4732.1,"Zr,O,C,H",0.0107567,0.0727439,0.150051,0.611994,2.88857
hMOF-7002868,24.25,22.25,0.86862,3970.4,"Zr,O,C,N,H",0.0233076,0.0915682,0.219778,0.717802,3.2467
hMOF-7002841,24.25,22.25,0.884099,4599.5,"Zr,O,C,N,H",0.0172802,0.0778251,0.168385,0.763544,3.31917
hMOF-7000393,7.75,3.25,0.513801,1450.9,"Zr,O,C,H,N",0.0328543,0.159423,0.318903,1.5417,5.43955
hMOF-1003905,11.75,10.75,0.607929,1913.5,"Zr,O,C,N,H",0.0355096,0.124616,0.25618,1.20155,4.61819
hMOF-7000346,5.75,3.75,0.371237,501.7,"Zr,O,C,H,Cl",0.755818,1.47831,1.81078,2.48247,3.01105
hMOF-7001854,6.75,3.75,0.348871,665.9,"Zr,O,C,H",0.217215,0.57931,0.801155,1.69902,3.28776
hMOF-7002433,12.25,11.25,0.704683,2531.3,"Zr,O,C,N,H",0.0406081,0.200085,0.314722,1.33105,4.32872
hMOF-7001213,6.25,5.25,0.334233,491.4,"Zr,O,C,H",0.186572,0.654129,1.28422,2.17513,3.1122
hMOF-7001583,6.75,2.75,0.353578,594.0,"Zr,O,C,H,N",0.0531625,0.236289,0.493018,1.60344,2.92162
hMOF-7003341,23.25,22.25,0.896402,4334.5,"Zr,O,C,N,H",0.0433396,0.193683,0.451525,1.64145,5.28428
hMOF-7002870,24.25,22.25,0.8591,3943.7,"Zr,O,C,N,H",0.0208384,0.0903964,0.17041,0.842465,3.23002
hMOF-7002370,6.75,5.75,0.506658,785.9,"Zr,O,C,N,H,Br",0.0864602,0.33808,0.526121,1.60941,3.70321
hMOF-7001620,9.25,8.25,0.464524,1156.2,"Zr,O,C,H",0.134553,0.446887,0.83661,1.61266,4.49346
hMOF-7003109,15.75,14.25,0.795955,3356.8,"Zr,O,C,N,H,F",0.0361385,0.233957,0.338526,1.59648,5.75897
hMOF-7002211,12.25,10.75,0.691393,2536.3,"Zr,O,C,N,H",0.142696,0.581481,0.877766,2.43064,6.9764
hMOF-7001146,12.25,10.75,0.620395,1889.9,"Zr,O,C,H,F",0.0521559,0.34653,0.635028,2.27654,6.39078
hMOF-1004467,9.75,8.75,0.565707,576.9,"Zr,O,C,H,Br",0.187089,0.874028,1.46008,2.88545,3.94688
hMOF-7001285,3.75,2.25,0.256734,206.7,"Zr,O,C,H,Cl",0.362953,0.632901,0.879598,1.4366,2.09383
hMOF-7002201,12.75,11.25,0.557504,1451.7,"Zr,O,C,N,H",0.0859812,0.475272,0.658145,1.86287,5.32645
hMOF-7002126,8.25,6.75,0.651464,2806.1,"Zr,O,C,N,H",0.0727718,0.259778,0.500674,1.20007,3.78502
hMOF-7001743,10.75,9.75,0.653609,1091.5,"Zr,O,C,H,Br",0.0653096,0.266338,0.534423,1.73654,4.43198
hMOF-1004606,9.75,8.25,0.59947,2086.3,"Zr,O,C,N,H",0.0243575,0.113778,0.215708,0.974382,4.12702
hMOF-7002756,9.75,8.75,0.556573,1415.7,"Zr,O,C,N,H,F",0.33913,0.956298,1.45123,3.04724,6.25107
hMOF-7003249,7.25,4.75,0.351477,638.0,"Zr,O,C,N,H,Cl",0.0355143,0.168816,0.289355,1.1442,3.06937
hMOF-7002288,9.75,7.75,0.613918,2261.0,"Zr,O,C,N,H",0.0256838,0.112355,0.183009,0.863914,3.82527
hMOF-7002158,11.75,10.25,0.676259,2420.0,"Zr,O,C,N,H",0.070713,0.289363,0.540521,1.92289,5.26101
hMOF-7000645,7.75,6.75,0.464611,706.3,"Zr,O,C,H,N",0.184876,0.869111,1.46964,3.3851,4.42413
hMOF-1003499,14.75,13.75,0.741056,2661.0,"Zr,O,C,H,Cl",0.0257559,0.121538,0.246492,0.935442,4.72646
hMOF-7001095,6.75,3.75,0.410697,876.5,"Zr,O,C,H,F",0.543491,1.52765,2.06151,4.22842,5.58069
hMOF-7002262,14.75,13.75,0.741465,3256.2,"Zr,O,C,N,H,F",0.0203368,0.106029,0.2117,0.859656,4.55142
hMOF-7001207,4.75,3.75,0.317178,649.9,"Zr,O,C,H,N",0.0725539,0.282854,0.495065,1.44952,2.85346
hMOF-7001194,7.25,6.25,0.536707,1795.7,"Zr,O,C,N,H",0.0473578,0.215178,0.365238,1.66236,5.06071
hMOF-1004545,10.75,9.25,0.562474,834.0,"Zr,O,C,H,Cl",0.199443,0.865529,1.43133,3.86672,5.64752
hMOF-7003187,14.75,12.75,0.818995,3794.1,"Zr,O,C,N,H",0.0210756,0.0963319,0.233259,1.11195,3.94322
hMOF-7002285,7.75,6.25,0.511875,1108.2,"Zr,O,C,N,H",0.153451,0.596051,1.2081,3.26517,5.61197
hMOF-7001214,7.25,6.25,0.434074,534.1,"Zr,O,C,H",0.581868,1.92326,2.55264,3.20973,4.04303
hMOF-1003507,10.75,8.25,0.738329,3557.5,"Zr,O,C,H,F",0.021864,0.089448,0.165231,0.862147,4.79846
hMOF-7002427,7.25,4.25,0.540646,844.2,"Zr,O,C,N,H,Br",0.145485,0.617484,0.911243,2.42122,4.17585
hMOF-1004568,9.75,8.25,0.694812,2902.0,"Zr,O,C,H,F",0.0401636,0.219857,0.440735,1.47935,5.97444
hMOF-1004289,6.25,5.25,0.28676,182.5,"Zr,O,C,H,Br",0.385988,0.789612,1.00715,1.37446,1.52033
hMOF-1004208,12.25,11.25,0.677077,1976.8,"Zr,O,C,H,F",0.0608858,0.264688,0.51568,1.94135,7.11205
hMOF-7002345,16.75,15.75,0.804832,3644.2,"Zr,O,C,N,H",0.0344064,0.143738,0.304702,1.23956,4.41124
hMOF-7000819,5.75,2.75,0.299023,390.2,"Zr,O,C,H,N",0.0594307,0.259277,0.474046,1.27499,2.6292
hMOF-7001234,7.75,6.75,0.385316,522.6,"Zr,O,C,H,N",0.320703,1.3086,1.75225,2.71516,3.19278
hMOF-7000410,7.25,3.25,0.537138,1396.8,"Zr,O,C,H",0.376448,0.857974,1.20041,3.13254,6.13862
hMOF-7002311,12.75,11.75,0.746478,2565.6,"Zr,O,C,N,H,Cl",0.0268706,0.123675,0.306644,1.19318,5.15598
hMOF-7002865,16.75,14.75,0.756188,3301.1,"Zr,O,C,N,H",0.075812,0.323504,0.574542,1.71387,5.23197
hMOF-7003191,11.25,9.25,0.749561,2246.0,"Zr,O,C,N,H,Br",0.0294489,0.131896,0.209603,1.01122,3.68619
hMOF-7001108,11.75,8.25,0.772051,3862.3,"Zr,O,C,H",0.0166984,0.0911795,0.18932,0.855208,3.32888
hMOF-7001518,5.75,3.75,0.463544,1404.2,"Zr,O,C,H",0.0303553,0.133938,0.255934,1.14967,3.85225
hMOF-7002982,16.75,15.25,0.80841,2765.3,"Zr,O,C,N,H,Br",0.0113753,0.0542468,0.112066,0.470844,2.21363
hMOF-7002649,15.75,14.75,0.764264,2628.7,"Zr,O,C,N,H,F",0.0350882,0.161743,0.382351,1.50776,5.12086
hMOF-7000067,9.25,7.75,0.62313,2105.1,"Zr,O,C,H,Cl",0.0421127,0.183989,0.369576,1.66863,6.83393
hMOF-7001388,11.75,9.25,0.680937,2493.0,"Zr,O,C,H",0.0995906,0.479517,0.790623,3.01696,8.83658
hMOF-7002785,14.25,13.25,0.783765,2677.7,"Zr,O,C,N,H,Br",0.0102926,0.0592134,0.118452,0.498529,2.29469
hMOF-1004166,5.75,3.25,0.330399,185.8,"Zr,O,C,H,Br",0.341607,0.9401,1.26609,1.73874,2.14195
hMOF-1004004,11.25,9.75,0.543075,879.1,"Zr,O,C,H",0.109082,0.632831,1.04139,3.61405,5.58782
hMOF-7001861,14.25,13.75,0.739437,2905.0,"Zr,O,C,H,F",0.0309778,0.193213,0.271696,1.22326,6.43768
hMOF-1003528,18.25,16.25,0.743678,2787.4,"Zr,O,C,H,N",0.0255076,0.103777,0.244827,0.960971,3.66138
hMOF-7002519,12.25,11.25,0.755438,2937.1,"Zr,O,C,N,H",0.0326751,0.123571,0.315761,1.30047,4.63457
hMOF-1004356,9.75,8.25,0.51782,488.3,"Zr,O,C,H,Br",0.14819,0.629622,1.16835,2.36863,3.17184
hMOF-7000696,5.25,2.75,0.281147,428.0,"Zr,O,C,H,N",0.448629,0.72244,0.87746,1.64722,2.59289
hMOF-1003534,8.25,7.25,0.508563,889.6,"Zr,O,C,N,H,Cl",0.138369,0.680627,1.25836,3.46809,5.22732
hMOF-7001486,7.75,2.75,0.450407,511.1,"Zr,O,C,H,Br",0.0954675,0.437221,0.620504,1.68382,2.94247
hMOF-7001310,3.25,1.75,0.113043,1.3,"Zr,O,C,H,Cl",0.0930635,0.139899,0.41323,0.801241,1.26504
hMOF-7003014,15.75,14.25,0.790265,3699.3,"Zr,O,C,N,H",0.017376,0.0786388,0.164179,0.712053,2.88962
hMOF-7000989,6.75,3.25,0.355841,653.9,"Zr,O,C,H,F",0.349345,1.17058,1.28453,2.79744,3.72044
hMOF-7002088,10.25,8.25,0.583693,907.8,"Zr,O,C,N,H,Br",0.0790649,0.301273,0.550216,1.4829,3.22155
hMOF-1003739,11.25,10.25,0.671191,2233.1,"Zr,O,C,H,F",0.0308583,0.204192,0.302403,1.62658,7.48353
hMOF-7002536,10.75,9.75,0.65281,1442.4,"Zr,O,C,N,H,Cl",0.0843761,0.370525,0.687075,2.98734,7.02984
hMOF-7000703,8.75,6.75,0.624692,2457.7,"Zr,O,C,H,F",0.0338701,0.183735,0.447605,1.72339,6.90041
hMOF-1003541,6.75,3.75,0.432928,706.9,"Zr,O,C,N,H",0.594136,1.27766,1.51573,2.97593,4.39369
hMOF-7000090,12.75,12.25,0.699652,2306.3,"Zr,O,C,H",0.0595786,0.286803,0.527957,1.97236,6.96073
hMOF-7000316,9.25,7.25,0.728504,3527.6,"Zr,O,C,H",0.0374718,0.173576,0.364708,1.4408,5.88198
hMOF-7002170,9.25,8.25,0.680632,2766.3,"Zr,O,C,N,H",0.0874247,0.436463,0.9135,2.73012,7.93286
hMOF-1003546,8.25,6.75,0.549342,1808.7,"Zr,O,C,N,H",0.025759,0.139863,0.240665,1.32492,4.59974
hMOF-7000774,7.75,6.75,0.391469,609.9,"Zr,O,C,H",0.0854109,0.425822,0.778955,2.33423,3.46873
hMOF-7002697,13.25,11.75,0.772607,2473.3,"Zr,O,C,N,H,Br",0.0149668,0.0687906,0.111865,0.552768,2.38879
hMOF-1003549,8.25,7.25,0.581182,1856.0,"Zr,O,C,N,H",0.0518055,0.162267,0.338615,1.42986,4.80398
hMOF-7000851,5.75,4.25,0.125738,50.8,"Zr,O,C,H,Br",0.197507,0.258818,0.327634,0.404849,0.433052
hMOF-7002384,8.75,7.75,0.572361,1468.4,"Zr,O,C,N,H",0.0528404,0.239123,0.468694,1.99791,5.56881
hMOF-7000228,13.25,12.25,0.738789,2744.9,"Zr,O,C,H,Cl",0.02663,0.122146,0.233329,1.08185,4.87713
hMOF-7002718,13.25,11.75,0.715928,2423.2,"Zr,O,C,N,H",0.0277864,0.133844,0.284734,1.05858,4.43073
hMOF-7002027,16.25,14.75,0.770196,2034.5,"Zr,O,C,N,H,Br",0.0264024,0.11723,0.233798,0.848219,3.05723
hMOF-1003956,7.25,6.25,0.403388,535.7,"Zr,O,C,H,N",0.201779,0.834701,1.15836,2.44025,3.37335
hMOF-7001118,5.75,3.75,0.465052,549.9,"Zr,O,C,H,F",0.738994,1.82791,2.64261,3.87524,4.61629
hMOF-7001231,7.75,5.75,0.353319,544.9,"Zr,O,C,H,N",0.147556,0.635381,1.12997,2.36564,3.10512
hMOF-1003555,5.75,4.75,0.264735,299.5,"Zr,O,C,N,H",0.276939,0.756506,1.2031,1.93478,2.57572
hMOF-1003841,11.25,9.75,0.510921,719.0,"Zr,O,C,H,Br",0.0527869,0.260004,0.544099,2.03252,3.97031
hMOF-1003792,11.75,10.75,0.663244,1998.9,"Zr,O,C,H,N",0.0551586,0.246041,0.418191,1.73387,5.92753
hMOF-7001866,12.75,11.25,0.704415,2874.9,"Zr,O,C,H",0.0223015,0.118407,0.205524,1.01936,4.21931
hMOF-1003561,9.75,7.75,0.572021,1354.2,"Zr,O,C,N,H",0.129781,0.582444,0.985148,3.19742,6.83313
hMOF-7003337,24.25,22.25,0.889293,3661.9,"Zr,O,C,N,H,Cl",0.0267565,0.143149,0.280303,0.971881,3.7608
hMOF-7001160,7.75,6.25,0.37251,675.4,"Zr,O,C,H,N",0.32781,0.92753,1.17967,2.76922,4.03592
hMOF-7002371,7.75,6.75,0.577506,1562.0,"Zr,O,C,N,H",0.125548,0.56209,1.14672,3.34562,7.12329
hMOF-7002943,9.25,8.25,0.627413,2170.4,"Zr,O,C,N,H",0.170946,0.513459,0.690471,1.87895,5.67102
hMOF-7002600,11.25,9.75,0.746117,2866.1,"Zr,O,C,N,H,F",0.0821949,0.254366,0.464889,1.45782,4.63814
hMOF-7001788,7.75,5.75,0.596979,1459.6,"Zr,O,C,H,N",0.102221,0.478871,0.872738,3.07417,6.47063
hMOF-1003568,10.25,8.75,0.705335,2127.8,"Zr,O,C,N,H,Br",0.0274622,0.0925869,0.186952,0.843718,2.82924
hMOF-7002038,16.25,15.25,0.747692,2774.9,"Zr,O,C,N,H",0.0253546,0.132531,0.250495,1.0713,3.97594
hMOF-7002665,9.75,6.75,0.695949,2445.0,"Zr,O,C,N,H",0.053839,0.294685,0.561756,2.30184,7.30899
hMOF-7002700,13.75,11.75,0.750056,2933.4,"Zr,O,C,N,H",0.0370196,0.172397,0.394269,1.66726,6.00033
hMOF-7001586,7.25,6.75,0.346649,638.8,"Zr,O,C,H",0.0253512,0.13859,0.244535,1.03751,2.80726
hMOF-1003573,13.75,12.25,0.774323,3281.2,"Zr,O,C,N,H",0.0598268,0.227632,0.4723,1.83178,6.31184
hMOF-7001550,10.25,9.25,0.482778,1135.7,"Zr,O,C,H,N",0.022023,0.0948137,0.189464,0.984533,4.14137
hMOF-1003575,15.25,13.25,0.771443,3496.4,"Zr,O,C,N,H",0.0489924,0.294913,0.4602,1.80706,5.94863
hMOF-1003576,14.75,13.75,0.756642,3202.8,"Zr,O,C,N,H",0.0338257,0.16813,0.275373,1.23189,4.39898
hMOF-1003913,9.25,8.75,0.541032,646.1,"Zr,O,C,H,N",0.275702,1.08068,1.97103,3.51219,4.37065
hMOF-1003577,14.75,12.75,0.753562,3257.8,"Zr,O,C,N,H",0.0171588,0.0821557,0.158023,0.685814,3.38136
hMOF-7000801,5.25,1.75,0.140613,73.2,"Zr,O,C,H,Cl",0.309808,0.422639,0.430518,0.55731,0.577046
hMOF-7002303,13.25,12.25,0.661647,2173.1,"Zr,O,C,N,H",0.0741098,0.3096,0.545583,1.85823,5.96383
hMOF-7001880,9.25,8.25,0.582415,1369.4,"Zr,O,C,H",0.169268,0.700072,1.21089,3.19,6.44918
hMOF-7001963,9.75,8.75,0.697062,1437.0,"Zr,O,C,N,H,Cl",0.719913,1.36822,1.68187,2.73949,4.45952
hMOF-7002847,17.75,16.75,0.861879,2706.1,"Zr,O,C,N,H,Br",0.0175112,0.0866002,0.13939,0.583047,2.54678
hMOF-7003321,18.75,17.75,0.84962,3934.5,"Zr,O,C,N,H",0.0232476,0.0956743,0.161036,0.799575,2.9153
hMOF-7001024,9.25,3.75,0.662854,1742.3,"Zr,O,C,H,Cl",0.162754,0.646169,1.15709,3.39565,7.54539
hMOF-7001549,7.75,3.25,0.577818,2066.0,"Zr,O,C,H,N",0.0386118,0.213444,0.376478,1.87285,5.72976
hMOF-7003137,17.25,15.75,0.861739,4279.5,"Zr,O,C,N,H",0.0184489,0.105774,0.195261,0.949333,3.89136
hMOF-7002258,9.25,7.75,0.648567,2211.0,"Zr,O,C,N,H",0.0262704,0.138937,0.254193,1.10349,3.97427
hMOF-7001318,5.75,4.75,0.164255,156.2,"Zr,O,C,H,N",0.0753597,0.196394,0.410577,0.850293,1.10164
hMOF-7001316,6.25,4.25,0.166664,120.7,"Zr,O,C,H",0.22674,0.529799,0.652397,0.823764,1.02734
hMOF-7003360,14.75,13.75,0.838145,3803.5,"Zr,O,C,N,H",0.159563,0.523655,0.778392,2.17055,6.34445
hMOF-1003964,8.75,7.25,0.537589,1232.2,"Zr,O,C,H",0.0629043,0.299591,0.575796,2.32908,5.77941
hMOF-7002750,9.75,5.75,0.662843,3209.8,"Zr,O,C,N,H",0.0257045,0.149375,0.231785,1.00762,4.04164
hMOF-7001633,15.75,14.25,0.778365,3697.1,"Zr,O,C,H",0.0184932,0.0952985,0.176324,0.873792,3.65494
hMOF-7000179,12.25,10.75,0.714897,1336.6,"Zr,O,C,H,Br",0.0475682,0.235631,0.441728,1.70416,4.93752
hMOF-7001846,6.75,5.75,0.31974,534.7,"Zr,O,C,H,Cl",0.0872688,0.412635,0.699726,1.65137,2.63915
hMOF-1004302,5.25,4.25,0.265656,159.4,"Zr,O,C,H",0.810279,1.10678,1.25512,1.47282,1.5072
hMOF-7003173,14.25,12.75,0.810113,3593.1,"Zr,O,C,N,H",0.0191591,0.0996271,0.190491,0.90083,3.85916
hMOF-7002190,12.75,11.75,0.739942,3261.6,"Zr,O,C,N,H",0.0173854,0.0991487,0.192158,0.823887,3.46418
hMOF-1004611,9.25,7.75,0.501484,744.2,"Zr,O,C,H,F",0.218421,0.936239,1.3652,3.21144,4.48021
hMOF-7000205,9.75,8.75,0.518615,1017.9,"Zr,O,C,H",0.0901141,0.431472,0.738742,2.55233,5.5279
hMOF-7003211,9.75,8.75,0.608895,1508.3,"Zr,O,C,N,H,F",0.151589,0.612718,0.978424,2.86559,6.57034
hMOF-7002282,9.25,6.25,0.619187,1459.6,"Zr,O,C,N,H,Br",0.0340233,0.190396,0.29127,1.00056,3.04097
hMOF-7000898,13.75,12.75,0.715843,3292.9,"Zr,O,C,H,N",0.0212879,0.0981483,0.216554,0.957417,3.64758
hMOF-1004351,8.25,7.25,0.428861,537.0,"Zr,O,C,H,Cl",0.196208,0.847676,1.33884,2.88328,3.6314
hMOF-7001755,7.25,5.25,0.588279,1366.7,"Zr,O,C,H,Br",0.254932,0.394864,0.54718,1.421,4.08729
hMOF-7003156,16.75,14.75,0.873926,4179.9,"Zr,O,C,N,H",0.0237911,0.10961,0.23523,0.928894,3.52197
hMOF-1004627,12.75,11.25,0.68083,1683.0,"Zr,O,C,H,N",0.0652825,0.278976,0.607664,2.24505,6.25287
hMOF-7002450,12.75,7.25,0.799125,4977.4,"Zr,O,C,N,H",0.012657,0.0733677,0.131021,0.704287,3.04669
hMOF-1003993,9.75,8.75,0.500084,779.2,"Zr,O,C,H,F",0.197346,0.959348,1.71757,4.06625,5.92688
hMOF-7002337,10.75,7.75,0.769106,3319.9,"Zr,O,C,N,H,Cl",0.0170897,0.114928,0.220746,0.896392,3.27762
hMOF-7000582,7.75,6.75,0.415098,632.5,"Zr,O,C,H",0.14453,0.709354,1.29612,3.04881,4.02679
hMOF-7001004,10.25,9.75,0.608296,1828.8,"Zr,O,C,H,F",0.0685898,0.351464,0.6657,2.68399,6.96442
hMOF-7002904,15.25,13.25,0.773683,3420.5,"Zr,O,C,N,H,F",0.0238877,0.144351,0.232854,1.11875,5.45849
hMOF-1003616,16.75,15.25,0.789383,3168.2,"Zr,O,C,N,H",0.0373801,0.195009,0.351821,1.54921,5.07869
hMOF-7002569,7.25,5.25,0.486884,1058.6,"Zr,O,C,N,H",0.0688613,0.313532,0.573566,2.4286,5.01102
hMOF-1003927,9.75,7.75,0.729049,2599.9,"Zr,O,C,H",0.198413,0.643938,0.965097,3.1197,8.18669
hMOF-7000239,14.25,13.25,0.744266,3191.4,"Zr,O,C,H,N",0.0251477,0.143009,0.265421,1.08375,4.16537
hMOF-1004060,5.25,3.25,0.330344,189.0,"Zr,O,C,H,Br",0.226588,0.619098,0.79297,1.1782,1.62365
hMOF-7000619,10.25,8.75,0.572745,1323.2,"Zr,O,C,H",0.163072,0.706612,1.13493,3.51389,6.89829
hMOF-7002751,10.25,9.25,0.598133,1739.2,"Zr,O,C,N,H",0.0245006,0.140347,0.300776,1.35766,5.14333
hMOF-7000045,4.75,3.25,0.194493,226.0,"Zr,O,C,H",0.130118,0.389103,0.671696,1.14322,1.61001
hMOF-1004035,11.25,9.75,0.697219,2080.5,"Zr,O,C,H,F",0.0523672,0.297134,0.461569,2.00063,7.34389
hMOF-7001589,7.25,6.25,0.317814,421.6,"Zr,O,C,H,N",0.0710338,0.340309,0.527986,1.44378,2.41936
hMOF-7003052,16.25,14.25,0.825236,3472.9,"Zr,O,C,N,H,F",0.0392602,0.188857,0.291229,1.42029,5.02298
hMOF-7001759,7.75,6.75,0.497217,971.1,"Zr,O,C,H,F",0.167657,0.799942,1.26006,3.26014,5.23421
hMOF-1003738,9.75,7.75,0.569244,1503.2,"Zr,O,C,H,F",0.062326,0.325313,0.595002,2.9759,8.27043
hMOF-1003629,13.75,12.75,0.704598,1415.2,"Zr,O,C,N,H,Br",0.0303744,0.141159,0.273242,0.892185,3.37345
hMOF-1003630,13.75,12.25,0.726833,2974.1,"Zr,O,C,N,H",0.0221746,0.118249,0.183869,0.917773,3.96959
hMOF-7000084,8.75,6.25,0.659038,2362.8,"Zr,O,C,H,Cl",0.0295717,0.17855,0.320987,1.47997,6.05068
hMOF-7000729,7.25,6.75,0.359512,658.7,"Zr,O,C,N,H,F",0.0894578,0.525618,1.06717,2.42654,4.40151
hMOF-7001150,9.25,6.25,0.591311,1523.8,"Zr,O,C,H,Cl",0.0478101,0.270608,0.487405,1.79472,5.54772
hMOF-7002738,9.75,8.75,0.55194,1306.5,"Zr,O,C,N,H",0.0487553,0.229049,0.459425,1.88344,5.31895
hMOF-7000983,9.75,8.75,0.567606,755.6,"Zr,O,C,H,Br",0.0833997,0.381135,0.699852,2.23968,4.12601
hMOF-7000431,6.25,4.25,0.455195,1142.2,"Zr,O,C,H",0.263196,0.83203,1.09681,2.3944,4.77184
hMOF-1004217,4.75,2.25,0.269088,308.6,"Zr,O,C,H",0.205553,0.637887,0.863165,1.50497,2.18581
hMOF-1003638,4.25,2.75,0.271315,210.3,"Zr,O,C,H",0.503617,1.34782,1.60201,2.23979,2.64885
hMOF-7002302,14.75,12.75,0.769186,3565.9,"Zr,O,C,N,H",0.0339088,0.140172,0.285455,1.3095,4.78543
hMOF-7002191,9.75,6.25,0.65219,2599.3,"Zr,O,C,N,H,Cl",0.0284864,0.118448,0.203613,1.0593,4.70943
hMOF-1003641,7.75,7.25,0.471336,801.7,"Zr,O,C,H,N",0.110871,0.462363,0.825338,2.1534,4.32425
hMOF-7000687,4.25,3.25,0.216004,62.2,"Zr,O,C,H,Br",0.418189,0.909626,0.841594,1.21075,1.36303
hMOF-7002939,13.75,7.75,0.78262,4331.3,"Zr,O,C,N,H",0.0182191,0.098864,0.175433,0.781192,2.98895
hMOF-1003806,7.75,4.75,0.542572,1548.5,"Zr,O,C,N,H,Cl",0.113398,0.471572,0.908855,3.03705,5.92911
hMOF-7001714,7.75,6.75,0.544204,706.3,"Zr,O,C,H,Br",0.151533,0.652678,1.06354,2.84975,4.17956
hMOF-7001195,6.25,5.25,0.257337,228.6,"Zr,O,C,H",0.111713,0.309388,0.594877,1.32151,2.12498
hMOF-1004621,10.75,9.75,0.62441,727.3,"Zr,O,C,H,Br",0.107025,0.462605,0.843356,2.85362,4.83944
hMOF-1003647,7.75,6.25,0.550647,915.4,"Zr,O,C,H,Br",0.114739,0.4455,0.687354,1.96441,3.78096
hMOF-7000151,9.25,8.25,0.487884,800.2,"Zr,O,C,H,N",0.100468,0.427507,0.821952,2.77368,4.90826
hMOF-7001863,13.75,13.25,0.717053,1575.6,"Zr,O,C,H,Br",0.0299782,0.144682,0.269626,1.17954,4.23524
hMOF-7000503,6.75,3.25,0.389558,414.6,"Zr,O,C,H,Br",0.0956917,0.365587,0.647047,1.55837,2.4959
hMOF-7002624,13.25,11.25,0.723655,2037.8,"Zr,O,C,N,H,Cl",0.0671848,0.353715,0.613033,1.9437,5.07538
hMOF-7002678,13.25,12.25,0.77687,3266.3,"Zr,O,C,N,H",0.022497,0.0905306,0.199384,0.873251,3.84465
hMOF-7001969,8.75,7.25,0.545346,1151.8,"Zr,O,C,N,H",0.0532059,0.297338,0.592142,2.2767,5.27927
hMOF-1003656,7.75,5.25,0.523707,1845.6,"Zr,O,C,N,H",0.0316416,0.143564,0.26288,1.11339,3.41169
hMOF-1003657,5.75,4.75,0.394699,531.4,"Zr,O,C,H,F",0.252248,1.09349,1.56585,3.01796,3.67396
hMOF-7002669,12.75,11.75,0.780914,3444.5,"Zr,O,C,N,H,F",0.0265518,0.123212,0.28367,1.17988,4.95068
hMOF-1003862,10.25,8.25,0.678053,2277.6,"Zr,O,C,H,Cl",0.0601459,0.263133,0.446427,1.91448,5.85521
hMOF-1004380,13.75,12.25,0.736418,2746.6,"Zr,O,C,H,N",0.0424354,0.198469,0.450767,1.55383,5.41999
hMOF-7001006,7.25,3.75,0.458139,668.2,"Zr,O,C,H,Br",0.0903064,0.294564,0.522414,1.38311,2.66631
hMOF-1004569,12.75,11.25,0.762361,3339.2,"Zr,O,C,H,F",0.0292158,0.11585,0.251284,1.00744,3.96363
hMOF-7002060,10.25,8.25,0.673299,2342.8,"Zr,O,C,N,H,F",0.0376974,0.177237,0.437813,1.88565,6.80114
hMOF-7001121,5.25,3.75,0.422913,422.2,"Zr,O,C,H,Cl",0.720424,1.49727,1.88203,2.30989,3.05434
hMOF-1004542,8.25,7.25,0.522558,1053.1,"Zr,O,C,H,F",0.121445,0.548403,1.02784,3.4326,6.09614
hMOF-7002104,8.25,6.25,0.529085,1387.5,"Zr,O,C,N,H",0.0566759,0.322201,0.542037,1.79701,4.24025
hMOF-7001044,7.75,6.25,0.488377,1420.1,"Zr,O,C,H,F",0.091047,0.529157,0.957181,3.41321,7.33603
